Workbook

Sheet Worksheet
A1: key | B1: lookup | C1: Date | D1: Flight No. | E1: Type of Flight | F1: EU ETS Annex I exceptions | G1: Aircraft Type | H1: Reg No. | I1: Country of dep. | J1: Departure | K1: Airport of dep. (ICAO code) | L1: Airport of dep. (IATA code) | M1: Airport of dep geog. boundaries | N1: Country of arrival | O1: Arrival | P1: Airport of arrival (ICAO code) | Q1: Airport of arrival (IATA code) | R1: Airport of arrival geog. boundaries | S1: Great circle distance [km] | T1: Payload distance [km] | U1: Block | V1: Remaining fuel from previous block on [kg] | W1: Fuel uplift [kg] | X1: Block Fuel [kg] | Y1: Density [kg/L] | Z1: Fuel at block-on [kg] | AA1: Fuel consumption [kg] | AB1: PAX | AC1: PAX infant | AD1: PAX child | AE1: PAX male | AF1: PAX female | AG1: Gross weight of baggage [kg] | AH1: Gross weight of freight [kg] | AI1: Payload [kg] | AJ1: kmT | AK1: emission CO2 [t CO2] | AL1: emission ETS [t C02] | AM1: emission Corsia [t C02]
A2: =CONCATENATE(D2,K2,TEXT(C2,"YYYY-MM-DD")) -> HFA703LLHA2026-01-04 | B2: =VLOOKUP(A2,Sheet1!A2:B1344,1,FALSE) -> HFA703LLHA2026-01-04 | C2: 46026 | D2: HFA703 | E2: SCD | G2: AT76 | H2: 4X-IHA | I2: ISR | J2: Haifa/U Michaeli | K2: LLHA | L2: HFA | M2: NEU | N2: GRC | O2: Athens Intl Eleftherios Venizelos | P2: LGAV | Q2: ATH | R2: EU | S2: 1157 | T2: 0 | U2: 0.12013889 | V2: 2100 | W2: 1000 | X2: 3100 | Y2: No | Z2: 1370 | AA2: 1730 | AB2: 0 | AC2: 0 | AD2: 0 | AE2: 0 | AG2: 0 | AH2: 0 | AI2: 0 | AJ2: 0 | AK2: 5.4668 | AL2: 5.4668 | AM2: 5.4668
A3: =CONCATENATE(D3,K3,TEXT(C3,"YYYY-MM-DD")) -> HFA704LGAV2026-01-04 | B3: =VLOOKUP(A3,Sheet1!A3:B1345,1,FALSE) -> HFA704LGAV2026-01-04 | C3: 46026 | D3: HFA704 | E3: SCD | G3: AT76 | H3: 4X-IHA | I3: GRC | J3: Athens Intl Eleftherios Venizelos | K3: LGAV | L3: ATH | M3: EU | N3: ISR | O3: Haifa/U Michaeli | P3: LLHA | Q3: HFA | R3: NEU | S3: 1157 | T3: 0 | U3: 0.11111111 | V3: 1370 | W3: 1730 | X3: 3100 | Y3: No | Z3: 1440 | AA3: 1660 | AB3: 0 | AC3: 0 | AD3: 0 | AE3: 0 | AG3: 0 | AH3: 0 | AI3: 0 | AJ3: 0 | AK3: 5.2456 | AL3: 5.2456 | AM3: 5.2456
A4: =CONCATENATE(D4,K4,TEXT(C4,"YYYY-MM-DD")) -> HFA701LLHA2026-01-07 | B4: =VLOOKUP(A4,Sheet1!A4:B1346,1,FALSE) -> HFA701LLHA2026-01-07 | C4: 46029 | D4: HFA701 | E4: SCD | F4: Both airfields outside EU | G4: AT76 | H4: 4X-IHA | I4: ISR | J4: Haifa/U Michaeli | K4: LLHA | L4: HFA | M4: NEU | N4: ISR | O4: Haifa/U Michaeli | P4: LLHA | Q4: HFA | R4: NEU | S4: 0 | T4: 0 | U4: 0.05 | V4: 1440 | W4: 1760 | X4: 3200 | Y4: No | Z4: 2580 | AA4: 620 | AB4: 0 | AC4: 0 | AD4: 0 | AE4: 0 | AG4: 0 | AH4: 0 | AI4: 0 | AJ4: 0 | AK4: 1.9592 | AL4: 1.9592 | AM4: 1.9592
A5: =CONCATENATE(D5,K5,TEXT(C5,"YYYY-MM-DD")) -> HFA701ALLHA2026-01-07 | B5: =VLOOKUP(A5,Sheet1!A5:B1347,1,FALSE) -> HFA701ALLHA2026-01-07 | C5: 46029 | D5: HFA701A | E5: SCD | G5: AT76 | H5: 4X-IHA | I5: ISR | J5: Haifa/U Michaeli | K5: LLHA | L5: HFA | M5: NEU | N5: GRC | O5: Athens Intl Eleftherios Venizelos | P5: LGAV | Q5: ATH | R5: EU | S5: 1157 | T5: 1158 | U5: 0.13402778 | V5: 2580 | W5: 620 | X5: 3200 | Y5: No | Z5: 1090 | AA5: 2110 | AB5: 0 | AC5: 0 | AD5: 0 | AE5: 0 | AG5: 0 | AH5: 0 | AI5: 0 | AJ5: 0 | AK5: 6.6676 | AL5: 6.6676 | AM5: 6.6676
A6: =CONCATENATE(D6,K6,TEXT(C6,"YYYY-MM-DD")) -> HFA702LGAV2026-01-07 | B6: =VLOOKUP(A6,Sheet1!A6:B1348,1,FALSE) -> HFA702LGAV2026-01-07 | C6: 46029 | D6: HFA702 | E6: SCD | G6: AT76 | H6: 4X-IHA | I6: GRC | J6: Athens Intl Eleftherios Venizelos | K6: LGAV | L6: ATH | M6: EU | N6: ISR | O6: Haifa/U Michaeli | P6: LLHA | Q6: HFA | R6: NEU | S6: 1157 | T6: 0 | U6: 0.10486111 | V6: 1090 | W6: 2110 | X6: 3200 | Y6: No | Z6: 1810 | AA6: 1390 | AB6: 0 | AC6: 0 | AD6: 0 | AE6: 0 | AG6: 0 | AH6: 0 | AI6: 0 | AJ6: 0 | AK6: 4.3924 | AL6: 4.3924 | AM6: 4.3924
A7: =CONCATENATE(D7,K7,TEXT(C7,"YYYY-MM-DD")) -> HFA601LLHA2026-01-08 | B7: =VLOOKUP(A7,Sheet1!A7:B1349,1,FALSE) -> HFA601LLHA2026-01-08 | C7: 46030 | D7: HFA601 | E7: SCD | F7: Both airfields outside EU | G7: AT76 | H7: 4X-IHA | I7: ISR | J7: Haifa/U Michaeli | K7: LLHA | L7: HFA | M7: NEU | N7: ISR | O7: Eilat/Ilan and Assaf Ramon Intl (Timna) | P7: LLER | Q7: ETM | R7: NEU | S7: 342 | T7: 0 | U7: 0.048611111 | V7: 1810 | W7: 0 | X7: 1810 | Y7: No | Z7: 1040 | AA7: 770 | AB7: 0 | AC7: 0 | AD7: 0 | AE7: 0 | AG7: 0 | AH7: 0 | AI7: 0 | AJ7: 0 | AK7: 2.4332 | AL7: 2.4332 | AM7: 2.4332
A8: =CONCATENATE(D8,K8,TEXT(C8,"YYYY-MM-DD")) -> HFA602LLER2026-01-08 | B8: =VLOOKUP(A8,Sheet1!A8:B1350,1,FALSE) -> HFA602LLER2026-01-08 | C8: 46030 | D8: HFA602 | E8: SCD | F8: Both airfields outside EU | G8: AT76 | H8: 4X-IHA | I8: ISR | J8: Eilat/Ilan and Assaf Ramon Intl (Timna) | K8: LLER | L8: ETM | M8: NEU | N8: ISR | O8: Haifa/U Michaeli | P8: LLHA | Q8: HFA | R8: NEU | S8: 342 | T8: 0 | U8: 0.041666667 | V8: 1040 | W8: 1560 | X8: 2600 | Y8: No | Z8: 2000 | AA8: 600 | AB8: 0 | AC8: 0 | AD8: 0 | AE8: 0 | AG8: 0 | AH8: 0 | AI8: 0 | AJ8: 0 | AK8: 1.896 | AL8: 1.896 | AM8: 1.896
A9: =CONCATENATE(D9,K9,TEXT(C9,"YYYY-MM-DD")) -> HFA703LLHA2026-01-08 | B9: =VLOOKUP(A9,Sheet1!A9:B1351,1,FALSE) -> HFA703LLHA2026-01-08 | C9: 46030 | D9: HFA703 | E9: SCD | G9: AT76 | H9: 4X-IHA | I9: ISR | J9: Haifa/U Michaeli | K9: LLHA | L9: HFA | M9: NEU | N9: GRC | O9: Athens Intl Eleftherios Venizelos | P9: LGAV | Q9: ATH | R9: EU | S9: 1157 | T9: 0 | U9: 0.12847222 | V9: 2000 | W9: 1100 | X9: 3100 | Y9: No | Z9: 1050 | AA9: 2050 | AB9: 0 | AC9: 0 | AD9: 0 | AE9: 0 | AG9: 0 | AH9: 0 | AI9: 0 | AJ9: 0 | AK9: 6.478 | AL9: 6.478 | AM9: 6.478
A10: =CONCATENATE(D10,K10,TEXT(C10,"YYYY-MM-DD")) -> HFA704LGAV2026-01-08 | B10: =VLOOKUP(A10,Sheet1!A10:B1352,1,FALSE) -> HFA704LGAV2026-01-08 | C10: 46030 | D10: HFA704 | E10: SCD | G10: AT76 | H10: 4X-IHA | I10: GRC | J10: Athens Intl Eleftherios Venizelos | K10: LGAV | L10: ATH | M10: EU | N10: ISR | O10: Haifa/U Michaeli | P10: LLHA | Q10: HFA | R10: NEU | S10: 1157 | T10: 0 | U10: 0.10763889 | V10: 1050 | W10: 2250 | X10: 3300 | Y10: No | Z10: 1770 | AA10: 1530 | AB10: 0 | AC10: 0 | AD10: 0 | AE10: 0 | AG10: 0 | AH10: 0 | AI10: 0 | AJ10: 0 | AK10: 4.8348 | AL10: 4.8348 | AM10: 4.8348
A11: =CONCATENATE(D11,K11,TEXT(C11,"YYYY-MM-DD")) -> HFA701LLHA2026-01-09 | B11: =VLOOKUP(A11,Sheet1!A11:B1353,1,FALSE) -> HFA701LLHA2026-01-09 | C11: 46031 | D11: HFA701 | E11: SCD | G11: AT76 | H11: 4X-IHA | I11: ISR | J11: Haifa/U Michaeli | K11: LLHA | L11: HFA | M11: NEU | N11: GRC | O11: Athens Intl Eleftherios Venizelos | P11: LGAV | Q11: ATH | R11: EU | S11: 1157 | T11: 0 | U11: 0.13958333 | V11: 1770 | W11: 1630 | X11: 3400 | Y11: No | Z11: 1290 | AA11: 2110 | AB11: 0 | AC11: 0 | AD11: 0 | AE11: 0 | AG11: 0 | AH11: 0 | AI11: 0 | AJ11: 0 | AK11: 6.6676 | AL11: 6.6676 | AM11: 6.6676
A12: =CONCATENATE(D12,K12,TEXT(C12,"YYYY-MM-DD")) -> HFA702LGAV2026-01-09 | B12: =VLOOKUP(A12,Sheet1!A12:B1354,1,FALSE) -> HFA702LGAV2026-01-09 | C12: 46031 | D12: HFA702 | E12: SCD | G12: AT76 | H12: 4X-IHA | I12: GRC | J12: Athens Intl Eleftherios Venizelos | K12: LGAV | L12: ATH | M12: EU | N12: ISR | O12: Haifa/U Michaeli | P12: LLHA | Q12: HFA | R12: NEU | S12: 1157 | T12: 0 | U12: 0.097916667 | V12: 1290 | W12: 2210 | X12: 3500 | Y12: No | Z12: 2240 | AA12: 1260 | AB12: 0 | AC12: 0 | AD12: 0 | AE12: 0 | AG12: 0 | AH12: 0 | AI12: 0 | AJ12: 0 | AK12: 3.9816 | AL12: 3.9816 | AM12: 3.9816
A13: =CONCATENATE(D13,K13,TEXT(C13,"YYYY-MM-DD")) -> HFA703LLHA2026-01-10 | B13: =VLOOKUP(A13,Sheet1!A13:B1355,1,FALSE) -> HFA703LLHA2026-01-10 | C13: 46032 | D13: HFA703 | E13: SCD | G13: AT76 | H13: 4X-IHA | I13: ISR | J13: Haifa/U Michaeli | K13: LLHA | L13: HFA | M13: NEU | N13: GRC | O13: Athens Intl Eleftherios Venizelos | P13: LGAV | Q13: ATH | R13: EU | S13: 1157 | T13: 0 | U13: 0.12222222 | V13: 2240 | W13: 960 | X13: 3200 | Y13: No | Z13: 1180 | AA13: 2020 | AB13: 0 | AC13: 0 | AD13: 0 | AE13: 0 | AG13: 0 | AH13: 0 | AI13: 0 | AJ13: 0 | AK13: 6.3832 | AL13: 6.3832 | AM13: 6.3832
A14: =CONCATENATE(D14,K14,TEXT(C14,"YYYY-MM-DD")) -> HFA704LGAV2026-01-10 | B14: =VLOOKUP(A14,Sheet1!A14:B1356,1,FALSE) -> HFA704LGAV2026-01-10 | C14: 46032 | D14: HFA704 | E14: SCD | G14: AT76 | H14: 4X-IHA | I14: GRC | J14: Athens Intl Eleftherios Venizelos | K14: LGAV | L14: ATH | M14: EU | N14: ISR | O14: Haifa/U Michaeli | P14: LLHA | Q14: HFA | R14: NEU | S14: 1157 | T14: 0 | U14: 0.1 | V14: 1180 | W14: 1720 | X14: 2900 | Y14: No | Z14: 1360 | AA14: 1540 | AB14: 0 | AC14: 0 | AD14: 0 | AE14: 0 | AG14: 0 | AH14: 0 | AI14: 0 | AJ14: 0 | AK14: 4.8664 | AL14: 4.8664 | AM14: 4.8664
A15: =CONCATENATE(D15,K15,TEXT(C15,"YYYY-MM-DD")) -> HFA701LLHA2026-01-11 | B15: =VLOOKUP(A15,Sheet1!A15:B1357,1,FALSE) -> HFA701LLHA2026-01-11 | C15: 46033 | D15: HFA701 | E15: SCD | G15: AT76 | H15: 4X-IHA | I15: ISR | J15: Haifa/U Michaeli | K15: LLHA | L15: HFA | M15: NEU | N15: GRC | O15: Athens Intl Eleftherios Venizelos | P15: LGAV | Q15: ATH | R15: EU | S15: 1157 | T15: 0 | U15: 0.12569444 | V15: 1360 | W15: 1740 | X15: 3100 | Y15: No | Z15: 1270 | AA15: 1830 | AB15: 0 | AC15: 0 | AD15: 0 | AE15: 0 | AG15: 0 | AH15: 0 | AI15: 0 | AJ15: 0 | AK15: 5.7828 | AL15: 5.7828 | AM15: 5.7828
A16: =CONCATENATE(D16,K16,TEXT(C16,"YYYY-MM-DD")) -> HFA702LGAV2026-01-11 | B16: =VLOOKUP(A16,Sheet1!A16:B1358,1,FALSE) -> HFA702LGAV2026-01-11 | C16: 46033 | D16: HFA702 | E16: SCD | G16: AT76 | H16: 4X-IHA | I16: GRC | J16: Athens Intl Eleftherios Venizelos | K16: LGAV | L16: ATH | M16: EU | N16: ISR | O16: Haifa/U Michaeli | P16: LLHA | Q16: HFA | R16: NEU | S16: 1157 | T16: 0 | U16: 0.10277778 | V16: 1270 | W16: 1630 | X16: 2900 | Y16: No | Z16: 1330 | AA16: 1570 | AB16: 0 | AC16: 0 | AD16: 0 | AE16: 0 | AG16: 0 | AH16: 0 | AI16: 0 | AJ16: 0 | AK16: 4.9612 | AL16: 4.9612 | AM16: 4.9612
A17: =CONCATENATE(D17,K17,TEXT(C17,"YYYY-MM-DD")) -> HFA605LLHA2026-01-11 | B17: =VLOOKUP(A17,Sheet1!A17:B1359,1,FALSE) -> HFA605LLHA2026-01-11 | C17: 46033 | D17: HFA605 | E17: SCD | F17: Both airfields outside EU | G17: AT76 | H17: 4X-IHA | I17: ISR | J17: Haifa/U Michaeli | K17: LLHA | L17: HFA | M17: NEU | N17: ISR | O17: Eilat/Ilan and Assaf Ramon Intl (Timna) | P17: LLER | Q17: ETM | R17: NEU | S17: 342 | T17: 0 | U17: 0.043055556 | V17: 1330 | W17: 380 | X17: 1710 | Y17: No | Z17: 950 | AA17: 760 | AB17: 0 | AC17: 0 | AD17: 0 | AE17: 0 | AG17: 0 | AH17: 0 | AI17: 0 | AJ17: 0 | AK17: 2.4016 | AL17: 2.4016 | AM17: 2.4016
A18: =CONCATENATE(D18,K18,TEXT(C18,"YYYY-MM-DD")) -> HFA606LLER2026-01-11 | B18: =VLOOKUP(A18,Sheet1!A18:B1360,1,FALSE) -> HFA606LLER2026-01-11 | C18: 46033 | D18: HFA606 | E18: SCD | F18: Both airfields outside EU | G18: AT76 | H18: 4X-IHA | I18: ISR | J18: Eilat/Ilan and Assaf Ramon Intl (Timna) | K18: LLER | L18: ETM | M18: NEU | N18: ISR | O18: Haifa/U Michaeli | P18: LLHA | Q18: HFA | R18: NEU | S18: 342 | T18: 0 | U18: 0.040277778 | V18: 950 | W18: 1750 | X18: 2700 | Y18: No | Z18: 2060 | AA18: 640 | AB18: 0 | AC18: 0 | AD18: 0 | AE18: 0 | AG18: 0 | AH18: 0 | AI18: 0 | AJ18: 0 | AK18: 2.0224 | AL18: 2.0224 | AM18: 2.0224
A19: =CONCATENATE(D19,K19,TEXT(C19,"YYYY-MM-DD")) -> HFA601LLHA2026-01-12 | B19: =VLOOKUP(A19,Sheet1!A19:B1361,1,FALSE) -> HFA601LLHA2026-01-12 | C19: 46034 | D19: HFA601 | E19: SCD | F19: Both airfields outside EU | G19: AT76 | H19: 4X-IHA | I19: ISR | J19: Haifa/U Michaeli | K19: LLHA | L19: HFA | M19: NEU | N19: ISR | O19: Eilat/Ilan and Assaf Ramon Intl (Timna) | P19: LLER | Q19: ETM | R19: NEU | S19: 342 | T19: 0 | U19: 0.047916667 | V19: 2060 | W19: 140 | X19: 2200 | Y19: No | Z19: 1520 | AA19: 680 | AB19: 0 | AC19: 0 | AD19: 0 | AE19: 0 | AG19: 0 | AH19: 0 | AI19: 0 | AJ19: 0 | AK19: 2.1488 | AL19: 2.1488 | AM19: 2.1488
A20: =CONCATENATE(D20,K20,TEXT(C20,"YYYY-MM-DD")) -> HFA602LLER2026-01-12 | B20: =VLOOKUP(A20,Sheet1!A20:B1362,1,FALSE) -> HFA602LLER2026-01-12 | C20: 46034 | D20: HFA602 | E20: SCD | F20: Both airfields outside EU | G20: AT76 | H20: 4X-IHA | I20: ISR | J20: Eilat/Ilan and Assaf Ramon Intl (Timna) | K20: LLER | L20: ETM | M20: NEU | N20: ISR | O20: Haifa/U Michaeli | P20: LLHA | Q20: HFA | R20: NEU | S20: 342 | T20: 0 | U20: 0.065972222 | V20: 1520 | W20: 880 | X20: 2400 | Y20: No | Z20: 1490 | AA20: 910 | AB20: 0 | AC20: 0 | AD20: 0 | AE20: 0 | AG20: 0 | AH20: 0 | AI20: 0 | AJ20: 0 | AK20: 2.8756 | AL20: 2.8756 | AM20: 2.8756
A21: =CONCATENATE(D21,K21,TEXT(C21,"YYYY-MM-DD")) -> HFA703LLHA2026-01-12 | B21: =VLOOKUP(A21,Sheet1!A21:B1363,1,FALSE) -> HFA703LLHA2026-01-12 | C21: 46034 | D21: HFA703 | E21: SCD | G21: AT76 | H21: 4X-IHA | I21: ISR | J21: Haifa/U Michaeli | K21: LLHA | L21: HFA | M21: NEU | N21: GRC | O21: Athens Intl Eleftherios Venizelos | P21: LGAV | Q21: ATH | R21: EU | S21: 1157 | T21: 0 | U21: 0.14513889 | V21: 1490 | W21: 1810 | X21: 3300 | Y21: No | Z21: 1630 | AA21: 1670 | AB21: 0 | AC21: 0 | AD21: 0 | AE21: 0 | AG21: 0 | AH21: 0 | AI21: 0 | AJ21: 0 | AK21: 5.2772 | AL21: 5.2772 | AM21: 5.2772
A22: =CONCATENATE(D22,K22,TEXT(C22,"YYYY-MM-DD")) -> HFA202LGAV2026-01-14 | B22: =VLOOKUP(A22,Sheet1!A22:B1364,1,FALSE) -> HFA202LGAV2026-01-14 | C22: 46036 | D22: HFA202 | E22: NSCD | G22: AT76 | H22: 4X-IHA | I22: GRC | J22: Athens Intl Eleftherios Venizelos | K22: LGAV | L22: ATH | M22: EU | N22: ISR | O22: Haifa/U Michaeli | P22: LLHA | Q22: HFA | R22: NEU | S22: 1157 | T22: 1158 | U22: 0.10069444 | V22: 1630 | W22: 1770 | X22: 3400 | Y22: No | Z22: 2220 | AA22: 1180 | AB22: 0 | AC22: 0 | AD22: 0 | AE22: 0 | AG22: 0 | AH22: 0 | AI22: 0 | AJ22: 0 | AK22: 3.7288 | AL22: 3.7288 | AM22: 3.7288
A23: =CONCATENATE(D23,K23,TEXT(C23,"YYYY-MM-DD")) -> HFA851LLHA2026-01-15 | B23: =VLOOKUP(A23,Sheet1!A23:B1365,1,FALSE) -> HFA851LLHA2026-01-15 | C23: 46037 | D23: HFA851 | E23: SCD | G23: AT76 | H23: 4X-IHA | I23: ISR | J23: Haifa/U Michaeli | K23: LLHA | L23: HFA | M23: NEU | N23: CYP | O23: Paphos International (Pafos) | P23: LCPH | Q23: PFO | R23: EU | S23: 318 | T23: 0 | U23: 0.042361111 | V23: 2220 | W23: 0 | X23: 2220 | Y23: No | Z23: 1630 | AA23: 590 | AB23: 0 | AC23: 0 | AD23: 0 | AE23: 0 | AG23: 0 | AH23: 0 | AI23: 0 | AJ23: 0 | AK23: 1.8644 | AL23: 1.8644 | AM23: 1.8644
A24: =CONCATENATE(D24,K24,TEXT(C24,"YYYY-MM-DD")) -> HFA852LCPH2026-01-15 | B24: =VLOOKUP(A24,Sheet1!A24:B1366,1,FALSE) -> HFA852LCPH2026-01-15 | C24: 46037 | D24: HFA852 | E24: SCD | G24: AT76 | H24: 4X-IHA | I24: CYP | J24: Paphos International (Pafos) | K24: LCPH | L24: PFO | M24: EU | N24: ISR | O24: Haifa/U Michaeli | P24: LLHA | Q24: HFA | R24: NEU | S24: 318 | T24: 0 | U24: 0.038888889 | V24: 1630 | W24: 870 | X24: 2500 | Y24: No | Z24: 1960 | AA24: 540 | AB24: 0 | AC24: 0 | AD24: 0 | AE24: 0 | AG24: 0 | AH24: 0 | AI24: 0 | AJ24: 0 | AK24: 1.7064 | AL24: 1.7064 | AM24: 1.7064
A25: =CONCATENATE(D25,K25,TEXT(C25,"YYYY-MM-DD")) -> HFA703LLHA2026-01-15 | B25: =VLOOKUP(A25,Sheet1!A25:B1367,1,FALSE) -> HFA703LLHA2026-01-15 | C25: 46037 | D25: HFA703 | E25: SCD | G25: AT76 | H25: 4X-IHA | I25: ISR | J25: Haifa/U Michaeli | K25: LLHA | L25: HFA | M25: NEU | N25: GRC | O25: Athens Intl Eleftherios Venizelos | P25: LGAV | Q25: ATH | R25: EU | S25: 1157 | T25: 0 | U25: 0.12777778 | V25: 1960 | W25: 1140 | X25: 3100 | Y25: No | Z25: 1190 | AA25: 1910 | AB25: 0 | AC25: 0 | AD25: 0 | AE25: 0 | AG25: 0 | AH25: 0 | AI25: 0 | AJ25: 0 | AK25: 6.0356 | AL25: 6.0356 | AM25: 6.0356
A26: =CONCATENATE(D26,K26,TEXT(C26,"YYYY-MM-DD")) -> HFA704LGAV2026-01-15 | B26: =VLOOKUP(A26,Sheet1!A26:B1368,1,FALSE) -> HFA704LGAV2026-01-15 | C26: 46037 | D26: HFA704 | E26: SCD | G26: AT76 | H26: 4X-IHA | I26: GRC | J26: Athens Intl Eleftherios Venizelos | K26: LGAV | L26: ATH | M26: EU | N26: ISR | O26: Haifa/U Michaeli | P26: LLHA | Q26: HFA | R26: NEU | S26: 1157 | T26: 0 | U26: 0.10486111 | V26: 1190 | W26: 2310 | X26: 3500 | Y26: No | Z26: 2070 | AA26: 1430 | AB26: 0 | AC26: 0 | AD26: 0 | AE26: 0 | AG26: 0 | AH26: 0 | AI26: 0 | AJ26: 0 | AK26: 4.5188 | AL26: 4.5188 | AM26: 4.5188
A27: =CONCATENATE(D27,K27,TEXT(C27,"YYYY-MM-DD")) -> HFA701LLHA2026-01-16 | B27: =VLOOKUP(A27,Sheet1!A27:B1369,1,FALSE) -> HFA701LLHA2026-01-16 | C27: 46038 | D27: HFA701 | E27: SCD | G27: AT76 | H27: 4X-IHA | I27: ISR | J27: Haifa/U Michaeli | K27: LLHA | L27: HFA | M27: NEU | N27: GRC | O27: Athens Intl Eleftherios Venizelos | P27: LGAV | Q27: ATH | R27: EU | S27: 1157 | T27: 0 | U27: 0.12361111 | V27: 2070 | W27: 1130 | X27: 3200 | Y27: No | Z27: 1370 | AA27: 1830 | AB27: 0 | AC27: 0 | AD27: 0 | AE27: 0 | AG27: 0 | AH27: 0 | AI27: 0 | AJ27: 0 | AK27: 5.7828 | AL27: 5.7828 | AM27: 5.7828
A28: =CONCATENATE(D28,K28,TEXT(C28,"YYYY-MM-DD")) -> HFA702LGAV2026-01-16 | B28: =VLOOKUP(A28,Sheet1!A28:B1370,1,FALSE) -> HFA702LGAV2026-01-16 | C28: 46038 | D28: HFA702 | E28: SCD | G28: AT76 | H28: 4X-IHA | I28: GRC | J28: Athens Intl Eleftherios Venizelos | K28: LGAV | L28: ATH | M28: EU | N28: ISR | O28: Haifa/U Michaeli | P28: LLHA | Q28: HFA | R28: NEU | S28: 1157 | T28: 0 | U28: 0.10208333 | V28: 1370 | W28: 2030 | X28: 3400 | Y28: No | Z28: 2080 | AA28: 1320 | AB28: 0 | AC28: 0 | AD28: 0 | AE28: 0 | AG28: 0 | AH28: 0 | AI28: 0 | AJ28: 0 | AK28: 4.1712 | AL28: 4.1712 | AM28: 4.1712
A29: =CONCATENATE(D29,K29,TEXT(C29,"YYYY-MM-DD")) -> HFA701LLHA2026-01-18 | B29: =VLOOKUP(A29,Sheet1!A29:B1371,1,FALSE) -> HFA701LLHA2026-01-18 | C29: 46040 | D29: HFA701 | E29: SCD | G29: AT76 | H29: 4X-IHA | I29: ISR | J29: Haifa/U Michaeli | K29: LLHA | L29: HFA | M29: NEU | N29: GRC | O29: Athens Intl Eleftherios Venizelos | P29: LGAV | Q29: ATH | R29: EU | S29: 1157 | T29: 0 | U29: 0.12777778 | V29: 2080 | W29: 1120 | X29: 3200 | Y29: No | Z29: 1340 | AA29: 1860 | AB29: 0 | AC29: 0 | AD29: 0 | AE29: 0 | AG29: 0 | AH29: 0 | AI29: 0 | AJ29: 0 | AK29: 5.8776 | AL29: 5.8776 | AM29: 5.8776
A30: =CONCATENATE(D30,K30,TEXT(C30,"YYYY-MM-DD")) -> HFA702LGAV2026-01-18 | B30: =VLOOKUP(A30,Sheet1!A30:B1372,1,FALSE) -> HFA702LGAV2026-01-18 | C30: 46040 | D30: HFA702 | E30: SCD | G30: AT76 | H30: 4X-IHA | I30: GRC | J30: Athens Intl Eleftherios Venizelos | K30: LGAV | L30: ATH | M30: EU | N30: ISR | O30: Haifa/U Michaeli | P30: LLHA | Q30: HFA | R30: NEU | S30: 1157 | T30: 0 | U30: 0.10763889 | V30: 1340 | W30: 1560 | X30: 2900 | Y30: No | Z30: 1410 | AA30: 1490 | AB30: 0 | AC30: 0 | AD30: 0 | AE30: 0 | AG30: 0 | AH30: 0 | AI30: 0 | AJ30: 0 | AK30: 4.7084 | AL30: 4.7084 | AM30: 4.7084
A31: =CONCATENATE(D31,K31,TEXT(C31,"YYYY-MM-DD")) -> HFA601LLHA2026-01-19 | B31: =VLOOKUP(A31,Sheet1!A31:B1373,1,FALSE) -> HFA601LLHA2026-01-19 | C31: 46041 | D31: HFA601 | E31: SCD | F31: Both airfields outside EU | G31: AT76 | H31: 4X-IHA | I31: ISR | J31: Haifa/U Michaeli | K31: LLHA | L31: HFA | M31: NEU | N31: ISR | O31: Eilat/Ilan and Assaf Ramon Intl (Timna) | P31: LLER | Q31: ETM | R31: NEU | S31: 342 | T31: 0 | U31: 0.044444444 | V31: 1410 | W31: 390 | X31: 1800 | Y31: No | Z31: 1150 | AA31: 650 | AB31: 0 | AC31: 0 | AD31: 0 | AE31: 0 | AG31: 0 | AH31: 0 | AI31: 0 | AJ31: 0 | AK31: 2.054 | AL31: 2.054 | AM31: 2.054
A32: =CONCATENATE(D32,K32,TEXT(C32,"YYYY-MM-DD")) -> HFA602LLER2026-01-19 | B32: =VLOOKUP(A32,Sheet1!A32:B1374,1,FALSE) -> HFA602LLER2026-01-19 | C32: 46041 | D32: HFA602 | E32: SCD | F32: Both airfields outside EU | G32: AT76 | H32: 4X-IHA | I32: ISR | J32: Eilat/Ilan and Assaf Ramon Intl (Timna) | K32: LLER | L32: ETM | M32: NEU | N32: ISR | O32: Haifa/U Michaeli | P32: LLHA | Q32: HFA | R32: NEU | S32: 342 | T32: 0 | U32: 0.042361111 | V32: 1150 | W32: 1350 | X32: 2500 | Y32: No | Z32: 1790 | AA32: 710 | AB32: 0 | AC32: 0 | AD32: 0 | AE32: 0 | AG32: 0 | AH32: 0 | AI32: 0 | AJ32: 0 | AK32: 2.2436 | AL32: 2.2436 | AM32: 2.2436
A33: =CONCATENATE(D33,K33,TEXT(C33,"YYYY-MM-DD")) -> HFA701LLHA2026-01-21 | B33: =VLOOKUP(A33,Sheet1!A33:B1375,1,FALSE) -> HFA701LLHA2026-01-21 | C33: 46043 | D33: HFA701 | E33: SCD | G33: AT76 | H33: 4X-IHA | I33: ISR | J33: Haifa/U Michaeli | K33: LLHA | L33: HFA | M33: NEU | N33: GRC | O33: Athens Intl Eleftherios Venizelos | P33: LGAV | Q33: ATH | R33: EU | S33: 1157 | T33: 0 | U33: 0.11666667 | V33: 1790 | W33: 1910 | X33: 3700 | Y33: No | Z33: 1810 | AA33: 1890 | AB33: 0 | AC33: 0 | AD33: 0 | AE33: 0 | AG33: 0 | AH33: 0 | AI33: 0 | AJ33: 0 | AK33: 5.9724 | AL33: 5.9724 | AM33: 5.9724
A34: =CONCATENATE(D34,K34,TEXT(C34,"YYYY-MM-DD")) -> HFA702LGAV2026-01-21 | B34: =VLOOKUP(A34,Sheet1!A34:B1376,1,FALSE) -> HFA702LGAV2026-01-21 | C34: 46043 | D34: HFA702 | E34: SCD | G34: AT76 | H34: 4X-IHA | I34: GRC | J34: Athens Intl Eleftherios Venizelos | K34: LGAV | L34: ATH | M34: EU | N34: ISR | O34: Haifa/U Michaeli | P34: LLHA | Q34: HFA | R34: NEU | S34: 1157 | T34: 0 | U34: 0.10277778 | V34: 1810 | W34: 2690 | X34: 4500 | Y34: No | Z34: 2950 | AA34: 1550 | AB34: 0 | AC34: 0 | AD34: 0 | AE34: 0 | AG34: 0 | AH34: 0 | AI34: 0 | AJ34: 0 | AK34: 4.898 | AL34: 4.898 | AM34: 4.898
A35: =CONCATENATE(D35,K35,TEXT(C35,"YYYY-MM-DD")) -> HFA703LLHA2026-01-21 | B35: =VLOOKUP(A35,Sheet1!A35:B1377,1,FALSE) -> HFA703LLHA2026-01-21 | C35: 46043 | D35: HFA703 | E35: SCD | G35: AT76 | H35: 4X-IHA | I35: ISR | J35: Haifa/U Michaeli | K35: LLHA | L35: HFA | M35: NEU | N35: GRC | O35: Athens Intl Eleftherios Venizelos | P35: LGAV | Q35: ATH | R35: EU | S35: 1157 | T35: 0 | U35: 0.12708333 | V35: 2950 | W35: 750 | X35: 3700 | Y35: No | Z35: 1770 | AA35: 1930 | AB35: 0 | AC35: 0 | AD35: 0 | AE35: 0 | AG35: 0 | AH35: 0 | AI35: 0 | AJ35: 0 | AK35: 6.0988 | AL35: 6.0988 | AM35: 6.0988
A36: =CONCATENATE(D36,K36,TEXT(C36,"YYYY-MM-DD")) -> HFA704LGAV2026-01-21 | B36: =VLOOKUP(A36,Sheet1!A36:B1378,1,FALSE) -> HFA704LGAV2026-01-21 | C36: 46043 | D36: HFA704 | E36: SCD | G36: AT76 | H36: 4X-IHA | I36: GRC | J36: Athens Intl Eleftherios Venizelos | K36: LGAV | L36: ATH | M36: EU | N36: ISR | O36: Haifa/U Michaeli | P36: LLHA | Q36: HFA | R36: NEU | S36: 1157 | T36: 0 | U36: 0.10555556 | V36: 1770 | W36: 1530 | X36: 3300 | Y36: No | Z36: 1750 | AA36: 1550 | AB36: 0 | AC36: 0 | AD36: 0 | AE36: 0 | AG36: 0 | AH36: 0 | AI36: 0 | AJ36: 0 | AK36: 4.898 | AL36: 4.898 | AM36: 4.898
A37: =CONCATENATE(D37,K37,TEXT(C37,"YYYY-MM-DD")) -> HFA703LLHA2026-01-22 | B37: =VLOOKUP(A37,Sheet1!A37:B1379,1,FALSE) -> HFA703LLHA2026-01-22 | C37: 46044 | D37: HFA703 | E37: SCD | G37: AT76 | H37: 4X-IHA | I37: ISR | J37: Haifa/U Michaeli | K37: LLHA | L37: HFA | M37: NEU | N37: GRC | O37: Athens Intl Eleftherios Venizelos | P37: LGAV | Q37: ATH | R37: EU | S37: 1157 | T37: 0 | U37: 0.12430556 | V37: 1750 | W37: 1550 | X37: 3300 | Y37: No | Z37: 1500 | AA37: 1800 | AB37: 0 | AC37: 0 | AD37: 0 | AE37: 0 | AG37: 0 | AH37: 0 | AI37: 0 | AJ37: 0 | AK37: 5.688 | AL37: 5.688 | AM37: 5.688
A38: =CONCATENATE(D38,K38,TEXT(C38,"YYYY-MM-DD")) -> HFA704LGAV2026-01-22 | B38: =VLOOKUP(A38,Sheet1!A38:B1380,1,FALSE) -> HFA704LGAV2026-01-22 | C38: 46044 | D38: HFA704 | E38: SCD | G38: AT76 | H38: 4X-IHA | I38: GRC | J38: Athens Intl Eleftherios Venizelos | K38: LGAV | L38: ATH | M38: EU | N38: ISR | O38: Haifa/U Michaeli | P38: LLHA | Q38: HFA | R38: NEU | S38: 1157 | T38: 0 | U38: 0.11319444 | V38: 1500 | W38: 1800 | X38: 3300 | Y38: No | Z38: 1930 | AA38: 1370 | AB38: 0 | AC38: 0 | AD38: 0 | AE38: 0 | AG38: 0 | AH38: 0 | AI38: 0 | AJ38: 0 | AK38: 4.3292 | AL38: 4.3292 | AM38: 4.3292
A39: =CONCATENATE(D39,K39,TEXT(C39,"YYYY-MM-DD")) -> HFA701LLHA2026-01-23 | B39: =VLOOKUP(A39,Sheet1!A39:B1381,1,FALSE) -> HFA701LLHA2026-01-23 | C39: 46045 | D39: HFA701 | E39: SCD | G39: AT76 | H39: 4X-IHA | I39: ISR | J39: Haifa/U Michaeli | K39: LLHA | L39: HFA | M39: NEU | N39: GRC | O39: Athens Intl Eleftherios Venizelos | P39: LGAV | Q39: ATH | R39: EU | S39: 1157 | T39: 0 | U39: 0.12430556 | V39: 1930 | W39: 1270 | X39: 3200 | Y39: No | Z39: 1420 | AA39: 1780 | AB39: 0 | AC39: 0 | AD39: 0 | AE39: 0 | AG39: 0 | AH39: 0 | AI39: 0 | AJ39: 0 | AK39: 5.6248 | AL39: 5.6248 | AM39: 5.6248
A40: =CONCATENATE(D40,K40,TEXT(C40,"YYYY-MM-DD")) -> HFA702LGAV2026-01-23 | B40: =VLOOKUP(A40,Sheet1!A40:B1382,1,FALSE) -> HFA702LGAV2026-01-23 | C40: 46045 | D40: HFA702 | E40: SCD | G40: AT76 | H40: 4X-IHA | I40: GRC | J40: Athens Intl Eleftherios Venizelos | K40: LGAV | L40: ATH | M40: EU | N40: ISR | O40: Haifa/U Michaeli | P40: LLHA | Q40: HFA | R40: NEU | S40: 1157 | T40: 0 | U40: 0.10347222 | V40: 1420 | W40: 1780 | X40: 3200 | Y40: No | Z40: 1910 | AA40: 1290 | AB40: 0 | AC40: 0 | AD40: 0 | AE40: 0 | AG40: 0 | AH40: 0 | AI40: 0 | AJ40: 0 | AK40: 4.0764 | AL40: 4.0764 | AM40: 4.0764
A41: =CONCATENATE(D41,K41,TEXT(C41,"YYYY-MM-DD")) -> HFA703LLHA2026-01-24 | B41: =VLOOKUP(A41,Sheet1!A41:B1383,1,FALSE) -> HFA703LLHA2026-01-24 | C41: 46046 | D41: HFA703 | E41: SCD | G41: AT76 | H41: 4X-IHA | I41: ISR | J41: Haifa/U Michaeli | K41: LLHA | L41: HFA | M41: NEU | N41: GRC | O41: Athens Intl Eleftherios Venizelos | P41: LGAV | Q41: ATH | R41: EU | S41: 1157 | T41: 0 | U41: 0.11666667 | V41: 1910 | W41: 1590 | X41: 3500 | Y41: No | Z41: 1680 | AA41: 1820 | AB41: 0 | AC41: 0 | AD41: 0 | AE41: 0 | AG41: 0 | AH41: 0 | AI41: 0 | AJ41: 0 | AK41: 5.7512 | AL41: 5.7512 | AM41: 5.7512
A42: =CONCATENATE(D42,K42,TEXT(C42,"YYYY-MM-DD")) -> HFA704LGAV2026-01-24 | B42: =VLOOKUP(A42,Sheet1!A42:B1384,1,FALSE) -> HFA704LGAV2026-01-24 | C42: 46046 | D42: HFA704 | E42: SCD | G42: AT76 | H42: 4X-IHA | I42: GRC | J42: Athens Intl Eleftherios Venizelos | K42: LGAV | L42: ATH | M42: EU | N42: ISR | O42: Haifa/U Michaeli | P42: LLHA | Q42: HFA | R42: NEU | S42: 1157 | T42: 0 | U42: 0.10486111 | V42: 1680 | W42: 1420 | X42: 3100 | Y42: No | Z42: 1650 | AA42: 1450 | AB42: 0 | AC42: 0 | AD42: 0 | AE42: 0 | AG42: 0 | AH42: 0 | AI42: 0 | AJ42: 0 | AK42: 4.582 | AL42: 4.582 | AM42: 4.582
A43: =CONCATENATE(D43,K43,TEXT(C43,"YYYY-MM-DD")) -> HFA851LLHA2026-01-25 | B43: =VLOOKUP(A43,Sheet1!A43:B1385,1,FALSE) -> HFA851LLHA2026-01-25 | C43: 46047 | D43: HFA851 | E43: SCD | G43: AT76 | H43: 4X-IHA | I43: ISR | J43: Haifa/U Michaeli | K43: LLHA | L43: HFA | M43: NEU | N43: CYP | O43: Paphos International (Pafos) | P43: LCPH | Q43: PFO | R43: EU | S43: 318 | T43: 0 | U43: 0.040972222 | V43: 1650 | W43: -20 | X43: 1630 | Y43: No | Z43: 940 | AA43: 690 | AB43: 0 | AC43: 0 | AD43: 0 | AE43: 0 | AG43: 0 | AH43: 0 | AI43: 0 | AJ43: 0 | AK43: 2.1804 | AL43: 2.1804 | AM43: 2.1804
A44: =CONCATENATE(D44,K44,TEXT(C44,"YYYY-MM-DD")) -> HFA852LCPH2026-01-25 | B44: =VLOOKUP(A44,Sheet1!A44:B1386,1,FALSE) -> HFA852LCPH2026-01-25 | C44: 46047 | D44: HFA852 | E44: SCD | G44: AT76 | H44: 4X-IHA | I44: CYP | J44: Paphos International (Pafos) | K44: LCPH | L44: PFO | M44: EU | N44: ISR | O44: Haifa/U Michaeli | P44: LLHA | Q44: HFA | R44: NEU | S44: 318 | T44: 0 | U44: 0.04375 | V44: 940 | W44: 1360 | X44: 2300 | Y44: No | Z44: 1700 | AA44: 600 | AB44: 0 | AC44: 0 | AD44: 0 | AE44: 0 | AG44: 0 | AH44: 0 | AI44: 0 | AJ44: 0 | AK44: 1.896 | AL44: 1.896 | AM44: 1.896
... A50: =CONCATENATE(D50,K50,TEXT(C50,"YYYY-MM-DD")) -> HFA702LGAV2026-01-28 | B50: =VLOOKUP(A50,Sheet1!A50:B1392,1,FALSE) -> HFA702LGAV2026-01-28 | C50: 46050 | D50: HFA702 | E50: SCD | G50: AT76 | H50: 4X-IHA | I50: GRC | J50: Athens Intl Eleftherios Venizelos | K50: LGAV | L50: ATH | M50: EU | N50: ISR | O50: Haifa/U Michaeli | P50: LLHA | Q50: HFA | R50: NEU | S50: 1157 | T50: 0 | U50: 0.10138889 | V50: 1060 | W50: 2140 | X50: 3200 | Y50: No | Z50: 1810 | AA50: 1390 | AB50: 0 | AC50: 0 | AD50: 0 | AE50: 0 | AG50: 0 | AH50: 0 | AI50: 0 | AJ50: 0 | AK50: 4.3924 | AL50: 4.3924 | AM50: 4.3924
A51: =CONCATENATE(D51,K51,TEXT(C51,"YYYY-MM-DD")) -> HFA601LLHA2026-01-29 | B51: =VLOOKUP(A51,Sheet1!A51:B1393,1,FALSE) -> HFA601LLHA2026-01-29 | C51: 46051 | D51: HFA601 | E51: SCD | F51: Both airfields outside EU | G51: AT76 | H51: 4X-IHA | I51: ISR | J51: Haifa/U Michaeli | K51: LLHA | L51: HFA | M51: NEU | N51: ISR | O51: Eilat/Ilan and Assaf Ramon Intl (Timna) | P51: LLER | Q51: ETM | R51: NEU | S51: 342 | T51: 0 | U51: 0.044444444 | V51: 1810 | W51: -10 | X51: 1800 | Y51: No | Z51: 1110 | AA51: 690 | AB51: 0 | AC51: 0 | AD51: 0 | AE51: 0 | AG51: 0 | AH51: 0 | AI51: 0 | AJ51: 0 | AK51: 2.1804 | AL51: 2.1804 | AM51: 2.1804
A52: =CONCATENATE(D52,K52,TEXT(C52,"YYYY-MM-DD")) -> HFA602LLER2026-01-29 | B52: =VLOOKUP(A52,Sheet1!A52:B1394,1,FALSE) -> HFA602LLER2026-01-29 | C52: 46051 | D52: HFA602 | E52: SCD | F52: Both airfields outside EU | G52: AT76 | H52: 4X-IHA | I52: ISR | J52: Eilat/Ilan and Assaf Ramon Intl (Timna) | K52: LLER | L52: ETM | M52: NEU | N52: ISR | O52: Haifa/U Michaeli | P52: LLHA | Q52: HFA | R52: NEU | S52: 342 | T52: 0 | U52: 0.06875 | V52: 1110 | W52: 1390 | X52: 2500 | Y52: No | Z52: 1520 | AA52: 980 | AB52: 0 | AC52: 0 | AD52: 0 | AE52: 0 | AG52: 0 | AH52: 0 | AI52: 0 | AJ52: 0 | AK52: 3.0968 | AL52: 3.0968 | AM52: 3.0968
A53: =CONCATENATE(D53,K53,TEXT(C53,"YYYY-MM-DD")) -> HFA603LLHA2026-01-29 | B53: =VLOOKUP(A53,Sheet1!A53:B1395,1,FALSE) -> HFA603LLHA2026-01-29 | C53: 46051 | D53: HFA603 | E53: SCD | F53: Both airfields outside EU | G53: AT76 | H53: 4X-IHA | I53: ISR | J53: Haifa/U Michaeli | K53: LLHA | L53: HFA | M53: NEU | N53: ISR | O53: Eilat/Ilan and Assaf Ramon Intl (Timna) | P53: LLER | Q53: ETM | R53: NEU | S53: 342 | T53: 0 | U53: 0.04375 | V53: 1520 | W53: 380 | X53: 1900 | Y53: No | Z53: 1170 | AA53: 730 | AB53: 0 | AC53: 0 | AD53: 0 | AE53: 0 | AG53: 0 | AH53: 0 | AI53: 0 | AJ53: 0 | AK53: 2.3068 | AL53: 2.3068 | AM53: 2.3068
A54: =CONCATENATE(D54,K54,TEXT(C54,"YYYY-MM-DD")) -> HFA604LLER2026-01-29 | B54: =VLOOKUP(A54,Sheet1!A54:B1396,1,FALSE) -> HFA604LLER2026-01-29 | C54: 46051 | D54: HFA604 | E54: SCD | F54: Both airfields outside EU | G54: AT76 | H54: 4X-IHA | I54: ISR | J54: Eilat/Ilan and Assaf Ramon Intl (Timna) | K54: LLER | L54: ETM | M54: NEU | N54: ISR | O54: Haifa/U Michaeli | P54: LLHA | Q54: HFA | R54: NEU | S54: 342 | T54: 0 | U54: 0.045833333 | V54: 1170 | W54: 1230 | X54: 2400 | Y54: No | Z54: 1530 | AA54: 870 | AB54: 0 | AC54: 0 | AD54: 0 | AE54: 0 | AG54: 0 | AH54: 0 | AI54: 0 | AJ54: 0 | AK54: 2.7492 | AL54: 2.7492 | AM54: 2.7492
A55: =CONCATENATE(D55,K55,TEXT(C55,"YYYY-MM-DD")) -> HFA701LLHA2026-01-30 | B55: =VLOOKUP(A55,Sheet1!A55:B1397,1,FALSE) -> HFA701LLHA2026-01-30 | C55: 46052 | D55: HFA701 | E55: SCD | G55: AT76 | H55: 4X-IHA | I55: ISR | J55: Haifa/U Michaeli | K55: LLHA | L55: HFA | M55: NEU | N55: GRC | O55: Athens Intl Eleftherios Venizelos | P55: LGAV | Q55: ATH | R55: EU | S55: 1157 | T55: 0 | U55: 0.12916667 | V55: 1530 | W55: 1870 | X55: 3400 | Y55: No | Z55: 1370 | AA55: 2030 | AB55: 0 | AC55: 0 | AD55: 0 | AE55: 0 | AG55: 0 | AH55: 0 | AI55: 0 | AJ55: 0 | AK55: 6.4148 | AL55: 6.4148 | AM55: 6.4148
A56: =CONCATENATE(D56,K56,TEXT(C56,"YYYY-MM-DD")) -> HFA702LGAV2026-01-30 | B56: =VLOOKUP(A56,Sheet1!A56:B1398,1,FALSE) -> HFA702LGAV2026-01-30 | C56: 46052 | D56: HFA702 | E56: SCD | G56: AT76 | H56: 4X-IHA | I56: GRC | J56: Athens Intl Eleftherios Venizelos | K56: LGAV | L56: ATH | M56: EU | N56: ISR | O56: Haifa/U Michaeli | P56: LLHA | Q56: HFA | R56: NEU | S56: 1157 | T56: 0 | U56: 0.096527778 | V56: 1370 | W56: 2130 | X56: 3500 | Y56: No | Z56: 2200 | AA56: 1300 | AB56: 0 | AC56: 0 | AD56: 0 | AE56: 0 | AG56: 0 | AH56: 0 | AI56: 0 | AJ56: 0 | AK56: 4.108 | AL56: 4.108 | AM56: 4.108
A57: =CONCATENATE(D57,K57,TEXT(C57,"YYYY-MM-DD")) -> HFA703LLHA2026-01-31 | B57: =VLOOKUP(A57,Sheet1!A57:B1399,1,FALSE) -> HFA703LLHA2026-01-31 | C57: 46053 | D57: HFA703 | E57: SCD | G57: AT76 | H57: 4X-IHA | I57: ISR | J57: Haifa/U Michaeli | K57: LLHA | L57: HFA | M57: NEU | N57: GRC | O57: Athens Intl Eleftherios Venizelos | P57: LGAV | Q57: ATH | R57: EU | S57: 1157 | T57: 0 | U57: 0.12361111 | V57: 2200 | W57: 1000 | X57: 3200 | Y57: No | Z57: 1200 | AA57: 2000 | AB57: 0 | AC57: 0 | AD57: 0 | AE57: 0 | AG57: 0 | AH57: 0 | AI57: 0 | AJ57: 0 | AK57: 6.32 | AL57: 6.32 | AM57: 6.32
A58: =CONCATENATE(D58,K58,TEXT(C58,"YYYY-MM-DD")) -> HFA704LGAV2026-01-31 | B58: =VLOOKUP(A58,Sheet1!A58:B1400,1,FALSE) -> HFA704LGAV2026-01-31 | C58: 46053 | D58: HFA704 | E58: SCD | G58: AT76 | H58: 4X-IHA | I58: GRC | J58: Athens Intl Eleftherios Venizelos | K58: LGAV | L58: ATH | M58: EU | N58: ISR | O58: Haifa/U Michaeli | P58: LLHA | Q58: HFA | R58: NEU | S58: 1157 | T58: 0 | U58: 0.1 | V58: 1200 | W58: 2400 | X58: 3600 | Y58: No | Z58: 2230 | AA58: 1370 | AB58: 0 | AC58: 0 | AD58: 0 | AE58: 0 | AG58: 0 | AH58: 0 | AI58: 0 | AJ58: 0 | AK58: 4.3292 | AL58: 4.3292 | AM58: 4.3292
A59: =CONCATENATE(D59,K59,TEXT(C59,"YYYY-MM-DD")) -> HFA703LLHA2026-02-02 | B59: =VLOOKUP(A59,Sheet1!A59:B1401,1,FALSE) -> HFA703LLHA2026-02-02 | C59: 46055 | D59: HFA703 | E59: SCD | G59: AT76 | H59: 4X-IHA | I59: ISR | J59: Haifa/U Michaeli | K59: LLHA | L59: HFA | M59: NEU | N59: GRC | O59: Athens Intl Eleftherios Venizelos | P59: LGAV | Q59: ATH | R59: EU | S59: 1157 | T59: 0 | U59: 0.12152778 | V59: 2230 | W59: 1070 | X59: 3300 | Y59: No | Z59: 1440 | AA59: 1860 | AB59: 0 | AC59: 0 | AD59: 0 | AE59: 0 | AG59: 0 | AH59: 0 | AI59: 0 | AJ59: 0 | AK59: 5.8776 | AL59: 5.8776 | AM59: 5.8776
A60: =CONCATENATE(D60,K60,TEXT(C60,"YYYY-MM-DD")) -> HFA704LGAV2026-02-02 | B60: =VLOOKUP(A60,Sheet1!A60:B1402,1,FALSE) -> HFA704LGAV2026-02-02 | C60: 46055 | D60: HFA704 | E60: SCD | G60: AT76 | H60: 4X-IHA | I60: GRC | J60: Athens Intl Eleftherios Venizelos | K60: LGAV | L60: ATH | M60: EU | N60: ISR | O60: Haifa/U Michaeli | P60: LLHA | Q60: HFA | R60: NEU | S60: 1157 | T60: 0 | U60: 0.12569444 | V60: 1440 | W60: 1860 | X60: 3300 | Y60: No | Z60: 1440 | AA60: 1860 | AB60: 0 | AC60: 0 | AD60: 0 | AE60: 0 | AG60: 0 | AH60: 0 | AI60: 0 | AJ60: 0 | AK60: 5.8776 | AL60: 5.8776 | AM60: 5.8776
A61: =CONCATENATE(D61,K61,TEXT(C61,"YYYY-MM-DD")) -> HFA703LLHA2026-02-04 | B61: =VLOOKUP(A61,Sheet1!A61:B1403,1,FALSE) -> HFA703LLHA2026-02-04 | C61: 46057 | D61: HFA703 | E61: SCD | G61: AT76 | H61: 4X-IHA | I61: ISR | J61: Haifa/U Michaeli | K61: LLHA | L61: HFA | M61: NEU | N61: GRC | O61: Athens Intl Eleftherios Venizelos | P61: LGAV | Q61: ATH | R61: EU | S61: 1157 | T61: 0 | U61: 0.12361111 | V61: 1440 | W61: 1660 | X61: 3100 | Y61: No | Z61: 1220 | AA61: 1880 | AB61: 0 | AC61: 0 | AD61: 0 | AE61: 0 | AG61: 0 | AH61: 0 | AI61: 0 | AJ61: 0 | AK61: 5.9408 | AL61: 5.9408 | AM61: 5.9408
A62: =CONCATENATE(D62,K62,TEXT(C62,"YYYY-MM-DD")) -> HFA704LGAV2026-02-04 | B62: =VLOOKUP(A62,Sheet1!A62:B1404,1,FALSE) -> HFA704LGAV2026-02-04 | C62: 46057 | D62: HFA704 | E62: SCD | G62: AT76 | H62: 4X-IHA | I62: GRC | J62: Athens Intl Eleftherios Venizelos | K62: LGAV | L62: ATH | M62: EU | N62: ISR | O62: Haifa/U Michaeli | P62: LLHA | Q62: HFA | R62: NEU | S62: 1157 | T62: 0 | U62: 0.10763889 | V62: 1220 | W62: 2180 | X62: 3400 | Y62: No | Z62: 1930 | AA62: 1470 | AB62: 0 | AC62: 0 | AD62: 0 | AE62: 0 | AG62: 0 | AH62: 0 | AI62: 0 | AJ62: 0 | AK62: 4.6452 | AL62: 4.6452 | AM62: 4.6452
A63: =CONCATENATE(D63,K63,TEXT(C63,"YYYY-MM-DD")) -> HFA701LLHA2026-02-05 | B63: =VLOOKUP(A63,Sheet1!A63:B1405,1,FALSE) -> HFA701LLHA2026-02-05 | C63: 46058 | D63: HFA701 | E63: SCD | G63: AT76 | H63: 4X-IHA | I63: ISR | J63: Haifa/U Michaeli | K63: LLHA | L63: HFA | M63: NEU | N63: GRC | O63: Athens Intl Eleftherios Venizelos | P63: LGAV | Q63: ATH | R63: EU | S63: 1157 | T63: 0 | U63: 0.12638889 | V63: 1930 | W63: 1270 | X63: 3200 | Y63: No | Z63: 1240 | AA63: 1960 | AB63: 0 | AC63: 0 | AD63: 0 | AE63: 0 | AG63: 0 | AH63: 0 | AI63: 0 | AJ63: 0 | AK63: 6.1936 | AL63: 6.1936 | AM63: 6.1936
A64: =CONCATENATE(D64,K64,TEXT(C64,"YYYY-MM-DD")) -> HFA702LGAV2026-02-05 | B64: =VLOOKUP(A64,Sheet1!A64:B1406,1,FALSE) -> HFA702LGAV2026-02-05 | C64: 46058 | D64: HFA702 | E64: SCD | G64: AT76 | H64: 4X-IHA | I64: GRC | J64: Athens Intl Eleftherios Venizelos | K64: LGAV | L64: ATH | M64: EU | N64: ISR | O64: Haifa/U Michaeli | P64: LLHA | Q64: HFA | R64: NEU | S64: 1157 | T64: 0 | U64: 0.10902778 | V64: 1240 | W64: 1960 | X64: 3200 | Y64: No | Z64: 1560 | AA64: 1640 | AB64: 0 | AC64: 0 | AD64: 0 | AE64: 0 | AG64: 0 | AH64: 0 | AI64: 0 | AJ64: 0 | AK64: 5.1824 | AL64: 5.1824 | AM64: 5.1824
A65: =CONCATENATE(D65,K65,TEXT(C65,"YYYY-MM-DD")) -> HFA701LLHA2026-02-06 | B65: =VLOOKUP(A65,Sheet1!A65:B1407,1,FALSE) -> HFA701LLHA2026-02-06 | C65: 46059 | D65: HFA701 | E65: SCD | G65: AT76 | H65: 4X-IHA | I65: ISR | J65: Haifa/U Michaeli | K65: LLHA | L65: HFA | M65: NEU | N65: GRC | O65: Athens Intl Eleftherios Venizelos | P65: LGAV | Q65: ATH | R65: EU | S65: 1157 | T65: 0 | U65: 0.12638889 | V65: 1560 | W65: 1440 | X65: 3000 | Y65: No | Z65: 1000 | AA65: 2000 | AB65: 0 | AC65: 0 | AD65: 0 | AE65: 0 | AG65: 0 | AH65: 0 | AI65: 0 | AJ65: 0 | AK65: 6.32 | AL65: 6.32 | AM65: 6.32
A66: =CONCATENATE(D66,K66,TEXT(C66,"YYYY-MM-DD")) -> HFA702LGAV2026-02-06 | B66: =VLOOKUP(A66,Sheet1!A66:B1408,1,FALSE) -> HFA702LGAV2026-02-06 | C66: 46059 | D66: HFA702 | E66: SCD | G66: AT76 | H66: 4X-IHA | I66: GRC | J66: Athens Intl Eleftherios Venizelos | K66: LGAV | L66: ATH | M66: EU | N66: ISR | O66: Haifa/U Michaeli | P66: LLHA | Q66: HFA | R66: NEU | S66: 1157 | T66: 0 | U66: 0.098611111 | V66: 1000 | W66: 3000 | X66: 4000 | Y66: No | Z66: 2640 | AA66: 1360 | AB66: 0 | AC66: 0 | AD66: 0 | AE66: 0 | AG66: 0 | AH66: 0 | AI66: 0 | AJ66: 0 | AK66: 4.2976 | AL66: 4.2976 | AM66: 4.2976
... A70: =CONCATENATE(D70,K70,TEXT(C70,"YYYY-MM-DD")) -> HFA702LGAV2026-02-08 | B70: =VLOOKUP(A70,Sheet1!A70:B1412,1,FALSE) -> HFA702LGAV2026-02-08 | C70: 46061 | D70: HFA702 | E70: SCD | G70: AT76 | H70: 4X-IHA | I70: GRC | J70: Athens Intl Eleftherios Venizelos | K70: LGAV | L70: ATH | M70: EU | N70: ISR | O70: Haifa/U Michaeli | P70: LLHA | Q70: HFA | R70: NEU | S70: 1157 | T70: 0 | U70: 0.095138889 | V70: 1330 | W70: 1970 | X70: 3300 | Y70: No | Z70: 1950 | AA70: 1350 | AB70: 0 | AC70: 0 | AD70: 0 | AE70: 0 | AG70: 0 | AH70: 0 | AI70: 0 | AJ70: 0 | AK70: 4.266 | AL70: 4.266 | AM70: 4.266
A71: =CONCATENATE(D71,K71,TEXT(C71,"YYYY-MM-DD")) -> HFA601LLHA2026-02-09 | B71: =VLOOKUP(A71,Sheet1!A71:B1413,1,FALSE) -> HFA601LLHA2026-02-09 | C71: 46062 | D71: HFA601 | E71: SCD | F71: Both airfields outside EU | G71: AT76 | H71: 4X-IHA | I71: ISR | J71: Haifa/U Michaeli | K71: LLHA | L71: HFA | M71: NEU | N71: ISR | O71: Eilat/Ilan and Assaf Ramon Intl (Timna) | P71: LLER | Q71: ETM | R71: NEU | S71: 342 | T71: 0 | U71: 0.04375 | V71: 1950 | W71: -10 | X71: 1940 | Y71: No | Z71: 1230 | AA71: 710 | AB71: 0 | AC71: 0 | AD71: 0 | AE71: 0 | AG71: 0 | AH71: 0 | AI71: 0 | AJ71: 0 | AK71: 2.2436 | AL71: 2.2436 | AM71: 2.2436
A72: =CONCATENATE(D72,K72,TEXT(C72,"YYYY-MM-DD")) -> HFA602LLER2026-02-09 | B72: =VLOOKUP(A72,Sheet1!A72:B1414,1,FALSE) -> HFA602LLER2026-02-09 | C72: 46062 | D72: HFA602 | E72: SCD | F72: Both airfields outside EU | G72: AT76 | H72: 4X-IHA | I72: ISR | J72: Eilat/Ilan and Assaf Ramon Intl (Timna) | K72: LLER | L72: ETM | M72: NEU | N72: ISR | O72: Haifa/U Michaeli | P72: LLHA | Q72: HFA | R72: NEU | S72: 342 | T72: 0 | U72: 0.047916667 | V72: 1230 | W72: 1170 | X72: 2400 | Y72: No | Z72: 1730 | AA72: 670 | AB72: 0 | AC72: 0 | AD72: 0 | AE72: 0 | AG72: 0 | AH72: 0 | AI72: 0 | AJ72: 0 | AK72: 2.1172 | AL72: 2.1172 | AM72: 2.1172
A73: =CONCATENATE(D73,K73,TEXT(C73,"YYYY-MM-DD")) -> HFA703LLHA2026-02-09 | B73: =VLOOKUP(A73,Sheet1!A73:B1415,1,FALSE) -> HFA703LLHA2026-02-09 | C73: 46062 | D73: HFA703 | E73: SCD | G73: AT76 | H73: 4X-IHA | I73: ISR | J73: Haifa/U Michaeli | K73: LLHA | L73: HFA | M73: NEU | N73: GRC | O73: Athens Intl Eleftherios Venizelos | P73: LGAV | Q73: ATH | R73: EU | S73: 1157 | T73: 0 | U73: 0.12291667 | V73: 1730 | W73: 1270 | X73: 3000 | Y73: No | Z73: 990 | AA73: 2010 | AB73: 0 | AC73: 0 | AD73: 0 | AE73: 0 | AG73: 0 | AH73: 0 | AI73: 0 | AJ73: 0 | AK73: 6.3516 | AL73: 6.3516 | AM73: 6.3516
A74: =CONCATENATE(D74,K74,TEXT(C74,"YYYY-MM-DD")) -> HFA704LGAV2026-02-09 | B74: =VLOOKUP(A74,Sheet1!A74:B1416,1,FALSE) -> HFA704LGAV2026-02-09 | C74: 46062 | D74: HFA704 | E74: SCD | G74: AT76 | H74: 4X-IHA | I74: GRC | J74: Athens Intl Eleftherios Venizelos | K74: LGAV | L74: ATH | M74: EU | N74: ISR | O74: Haifa/U Michaeli | P74: LLHA | Q74: HFA | R74: NEU | S74: 1157 | T74: 0 | U74: 0.10972222 | V74: 990 | W74: 2110 | X74: 3100 | Y74: No | Z74: 1720 | AA74: 1380 | AB74: 0 | AC74: 0 | AD74: 0 | AE74: 0 | AG74: 0 | AH74: 0 | AI74: 0 | AJ74: 0 | AK74: 4.3608 | AL74: 4.3608 | AM74: 4.3608
A75: =CONCATENATE(D75,K75,TEXT(C75,"YYYY-MM-DD")) -> HFA703LLHA2026-02-11 | B75: =VLOOKUP(A75,Sheet1!A75:B1417,1,FALSE) -> HFA703LLHA2026-02-11 | C75: 46064 | D75: HFA703 | E75: SCD | G75: AT76 | H75: 4X-IHA | I75: ISR | J75: Haifa/U Michaeli | K75: LLHA | L75: HFA | M75: NEU | N75: GRC | O75: Athens Intl Eleftherios Venizelos | P75: LGAV | Q75: ATH | R75: EU | S75: 1157 | T75: 0 | U75: 0.12916667 | V75: 1720 | W75: 1480 | X75: 3200 | Y75: No | Z75: 1240 | AA75: 1960 | AB75: 0 | AC75: 0 | AD75: 0 | AE75: 0 | AG75: 0 | AH75: 0 | AI75: 0 | AJ75: 0 | AK75: 6.1936 | AL75: 6.1936 | AM75: 6.1936
A76: =CONCATENATE(D76,K76,TEXT(C76,"YYYY-MM-DD")) -> HFA704LGAV2026-02-11 | B76: =VLOOKUP(A76,Sheet1!A76:B1418,1,FALSE) -> HFA704LGAV2026-02-11 | C76: 46064 | D76: HFA704 | E76: SCD | G76: AT76 | H76: 4X-IHA | I76: GRC | J76: Athens Intl Eleftherios Venizelos | K76: LGAV | L76: ATH | M76: EU | N76: ISR | O76: Haifa/U Michaeli | P76: LLHA | Q76: HFA | R76: NEU | S76: 1157 | T76: 0 | U76: 0.10416667 | V76: 1240 | W76: 1760 | X76: 3000 | Y76: No | Z76: 1670 | AA76: 1330 | AB76: 0 | AC76: 0 | AD76: 0 | AE76: 0 | AG76: 0 | AH76: 0 | AI76: 0 | AJ76: 0 | AK76: 4.2028 | AL76: 4.2028 | AM76: 4.2028
A77: =CONCATENATE(D77,K77,TEXT(C77,"YYYY-MM-DD")) -> HFA951LLHA2026-02-13 | B77: =VLOOKUP(A77,Sheet1!A77:B1419,1,FALSE) -> HFA951LLHA2026-02-13 | C77: 46066 | D77: HFA951 | E77: SCD | G77: AT76 | H77: 4X-IHA | I77: ISR | J77: Haifa/U Michaeli | K77: LLHA | L77: HFA | M77: NEU | N77: BGR | O77: Sofia International | P77: LBSF | Q77: SOF | R77: EU | S77: 1499 | T77: 0 | U77: 0.15833333 | V77: 1670 | W77: 2330 | X77: 4000 | Y77: No | Z77: 1800 | AA77: 2200 | AB77: 0 | AC77: 0 | AD77: 0 | AE77: 0 | AG77: 0 | AH77: 0 | AI77: 0 | AJ77: 0 | AK77: 6.952 | AL77: 6.952 | AM77: 6.952
A78: =CONCATENATE(D78,K78,TEXT(C78,"YYYY-MM-DD")) -> HFA952LBSF2026-02-13 | B78: =VLOOKUP(A78,Sheet1!A78:B1420,1,FALSE) -> HFA952LBSF2026-02-13 | C78: 46066 | D78: HFA952 | E78: SCD | G78: AT76 | H78: 4X-IHA | I78: BGR | J78: Sofia International | K78: LBSF | L78: SOF | M78: EU | N78: ISR | O78: Haifa/U Michaeli | P78: LLHA | Q78: HFA | R78: NEU | S78: 1499 | T78: 0 | U78: 0.15069444 | V78: 1800 | W78: 2400 | X78: 4200 | Y78: No | Z78: 2280 | AA78: 1920 | AB78: 0 | AC78: 0 | AD78: 0 | AE78: 0 | AG78: 0 | AH78: 0 | AI78: 0 | AJ78: 0 | AK78: 6.0672 | AL78: 6.0672 | AM78: 6.0672
A79: =CONCATENATE(D79,K79,TEXT(C79,"YYYY-MM-DD")) -> HFA703LLHA2026-02-14 | B79: =VLOOKUP(A79,Sheet1!A79:B1421,1,FALSE) -> HFA703LLHA2026-02-14 | C79: 46067 | D79: HFA703 | E79: SCD | G79: AT76 | H79: 4X-IHA | I79: ISR | J79: Haifa/U Michaeli | K79: LLHA | L79: HFA | M79: NEU | N79: GRC | O79: Athens Intl Eleftherios Venizelos | P79: LGAV | Q79: ATH | R79: EU | S79: 1157 | T79: 0 | U79: 0.13333333 | V79: 2280 | W79: 1020 | X79: 3300 | Y79: No | Z79: 1320 | AA79: 1980 | AB79: 0 | AC79: 0 | AD79: 0 | AE79: 0 | AG79: 0 | AH79: 0 | AI79: 0 | AJ79: 0 | AK79: 6.2568 | AL79: 6.2568 | AM79: 6.2568
A80: =CONCATENATE(D80,K80,TEXT(C80,"YYYY-MM-DD")) -> HFA704LGAV2026-02-14 | B80: =VLOOKUP(A80,Sheet1!A80:B1422,1,FALSE) -> HFA704LGAV2026-02-14 | C80: 46067 | D80: HFA704 | E80: SCD | G80: AT76 | H80: 4X-IHA | I80: GRC | J80: Athens Intl Eleftherios Venizelos | K80: LGAV | L80: ATH | M80: EU | N80: ISR | O80: Haifa/U Michaeli | P80: LLHA | Q80: HFA | R80: NEU | S80: 1157 | T80: 0 | U80: 0.10625 | V80: 1320 | W80: 1880 | X80: 3200 | Y80: No | Z80: 1660 | AA80: 1540 | AB80: 0 | AC80: 0 | AD80: 0 | AE80: 0 | AG80: 0 | AH80: 0 | AI80: 0 | AJ80: 0 | AK80: 4.8664 | AL80: 4.8664 | AM80: 4.8664
A81: =CONCATENATE(D81,K81,TEXT(C81,"YYYY-MM-DD")) -> HFA701LLHA2026-02-15 | B81: =VLOOKUP(A81,Sheet1!A81:B1423,1,FALSE) -> HFA701LLHA2026-02-15 | C81: 46068 | D81: HFA701 | E81: SCD | G81: AT76 | H81: 4X-IHA | I81: ISR | J81: Haifa/U Michaeli | K81: LLHA | L81: HFA | M81: NEU | N81: GRC | O81: Athens Intl Eleftherios Venizelos | P81: LGAV | Q81: ATH | R81: EU | S81: 1157 | T81: 0 | U81: 0.11597222 | V81: 1660 | W81: 1240 | X81: 2900 | Y81: No | Z81: 1060 | AA81: 1840 | AB81: 0 | AC81: 0 | AD81: 0 | AE81: 0 | AG81: 0 | AH81: 0 | AI81: 0 | AJ81: 0 | AK81: 5.8144 | AL81: 5.8144 | AM81: 5.8144
A82: =CONCATENATE(D82,K82,TEXT(C82,"YYYY-MM-DD")) -> HFA702LGAV2026-02-15 | B82: =VLOOKUP(A82,Sheet1!A82:B1424,1,FALSE) -> HFA702LGAV2026-02-15 | C82: 46068 | D82: HFA702 | E82: SCD | G82: AT76 | H82: 4X-IHA | I82: GRC | J82: Athens Intl Eleftherios Venizelos | K82: LGAV | L82: ATH | M82: EU | N82: ISR | O82: Haifa/U Michaeli | P82: LLHA | Q82: HFA | R82: NEU | S82: 1157 | T82: 0 | U82: 0.10972222 | V82: 1060 | W82: 2240 | X82: 3300 | Y82: No | Z82: 1770 | AA82: 1530 | AB82: 0 | AC82: 0 | AD82: 0 | AE82: 0 | AG82: 0 | AH82: 0 | AI82: 0 | AJ82: 0 | AK82: 4.8348 | AL82: 4.8348 | AM82: 4.8348
A83: =CONCATENATE(D83,K83,TEXT(C83,"YYYY-MM-DD")) -> HFA201LLHA2026-02-16 | B83: =VLOOKUP(A83,Sheet1!A83:B1425,1,FALSE) -> HFA201LLHA2026-02-16 | C83: 46069 | D83: HFA201 | E83: NSCD | G83: AT76 | H83: 4X-IHA | I83: ISR | J83: Haifa/U Michaeli | K83: LLHA | L83: HFA | M83: NEU | N83: BGR | O83: Sofia International | P83: LBSF | Q83: SOF | R83: EU | S83: 1499 | T83: 0 | U83: 0.14375 | V83: 1770 | W83: 1230 | X83: 3000 | Y83: No | Z83: 1070 | AA83: 1930 | AB83: 0 | AC83: 0 | AD83: 0 | AE83: 0 | AG83: 0 | AH83: 0 | AI83: 0 | AJ83: 0 | AK83: 6.0988 | AL83: 6.0988 | AM83: 6.0988
A84: =CONCATENATE(D84,K84,TEXT(C84,"YYYY-MM-DD")) -> HFA122LBSF2026-03-07 | B84: =VLOOKUP(A84,Sheet1!A84:B1426,1,FALSE) -> #N/A | C84: 46088 | D84: HFA122 | E84: SCD | G84: AT76 | H84: 4X-IHA | I84: BGR | J84: Sofia International | K84: LBSF | L84: SOF | M84: EU | N84: ISR | O84: Tel Aviv/Ben Gurion International | P84: LLBG | Q84: TLV | R84: NEU | S84: 1559 | T84: 0 | U84: 0.14375 | V84: 1070 | W84: 2230 | X84: 3300 | Y84: No | Z84: 1530 | AA84: 1770 | AB84: 0 | AC84: 0 | AD84: 0 | AE84: 0 | AG84: 0 | AH84: 0 | AI84: 0 | AJ84: 0 | AK84: 5.5932 | AL84: 5.5932 | AM84: 5.5932
... A109: =CONCATENATE(D109,K109,TEXT(C109,"YYYY-MM-DD")) -> HFA289LLBG2026-03-28 | B109: =VLOOKUP(A109,Sheet1!A109:B1451,1,FALSE) -> HFA289LLBG2026-03-28 | C109: 46109 | D109: HFA289 | E109: SCD | G109: AT76 | H109: 4X-IHA | I109: ISR | J109: Tel Aviv/Ben Gurion International | K109: LLBG | L109: TLV | M109: NEU | N109: CYP | O109: Larnaka International | P109: LCLK | Q109: LCA | R109: EU | S109: 339 | T109: 339 | U109: 0.060416667 | V109: 2210 | W109: 0 | X109: 2210 | Y109: No | Z109: 1420 | AA109: 790 | AB109: 0 | AC109: 0 | AD109: 0 | AE109: 0 | AG109: 0 | AH109: 0 | AI109: 0 | AJ109: 0 | AK109: 2.4964 | AL109: 2.4964 | AM109: 2.4964
A110: =CONCATENATE(D110,K110,TEXT(C110,"YYYY-MM-DD")) -> HFA601LLHA2026-01-01 | B110: =VLOOKUP(A110,Sheet1!A110:B1452,1,FALSE) -> HFA601LLHA2026-01-01 | C110: 46023 | D110: HFA601 | E110: SCD | F110: Both airfields outside EU | G110: AT76 | H110: 4X-IHB | I110: ISR | J110: Haifa/U Michaeli | K110: LLHA | L110: HFA | M110: NEU | N110: ISR | O110: Eilat/Ilan and Assaf Ramon Intl (Timna) | P110: LLER | Q110: ETM | R110: NEU | S110: 342 | T110: 0 | U110: 0.042361111 | V110: 1690 | W110: 310 | X110: 2000 | Y110: No | Z110: 1280 | AA110: 720 | AB110: 0 | AC110: 0 | AD110: 0 | AE110: 0 | AG110: 0 | AH110: 0 | AI110: 0 | AJ110: 0 | AK110: 2.2752 | AL110: 2.2752 | AM110: 2.2752
A111: =CONCATENATE(D111,K111,TEXT(C111,"YYYY-MM-DD")) -> HFA602LLER2026-01-01 | B111: =VLOOKUP(A111,Sheet1!A111:B1453,1,FALSE) -> HFA602LLER2026-01-01 | C111: 46023 | D111: HFA602 | E111: SCD | F111: Both airfields outside EU | G111: AT76 | H111: 4X-IHB | I111: ISR | J111: Eilat/Ilan and Assaf Ramon Intl (Timna) | K111: LLER | L111: ETM | M111: NEU | N111: ISR | O111: Haifa/U Michaeli | P111: LLHA | Q111: HFA | R111: NEU | S111: 342 | T111: 0 | U111: 0.044444444 | V111: 1280 | W111: 1420 | X111: 2700 | Y111: No | Z111: 2030 | AA111: 670 | AB111: 0 | AC111: 0 | AD111: 0 | AE111: 0 | AG111: 0 | AH111: 0 | AI111: 0 | AJ111: 0 | AK111: 2.1172 | AL111: 2.1172 | AM111: 2.1172
A112: =CONCATENATE(D112,K112,TEXT(C112,"YYYY-MM-DD")) -> HFA603LLHA2026-01-01 | B112: =VLOOKUP(A112,Sheet1!A112:B1454,1,FALSE) -> HFA603LLHA2026-01-01 | C112: 46023 | D112: HFA603 | E112: SCD | F112: Both airfields outside EU | G112: AT76 | H112: 4X-IHB | I112: ISR | J112: Haifa/U Michaeli | K112: LLHA | L112: HFA | M112: NEU | N112: ISR | O112: Eilat/Ilan and Assaf Ramon Intl (Timna) | P112: LLER | Q112: ETM | R112: NEU | S112: 342 | T112: 0 | U112: 0.040277778 | V112: 2030 | W112: 0 | X112: 2030 | Y112: No | Z112: 1330 | AA112: 700 | AB112: 0 | AC112: 0 | AD112: 0 | AE112: 0 | AG112: 0 | AH112: 0 | AI112: 0 | AJ112: 0 | AK112: 2.212 | AL112: 2.212 | AM112: 2.212
A113: =CONCATENATE(D113,K113,TEXT(C113,"YYYY-MM-DD")) -> HFA604LLER2026-01-01 | B113: =VLOOKUP(A113,Sheet1!A113:B1455,1,FALSE) -> HFA604LLER2026-01-01 | C113: 46023 | D113: HFA604 | E113: SCD | F113: Both airfields outside EU | G113: AT76 | H113: 4X-IHB | I113: ISR | J113: Eilat/Ilan and Assaf Ramon Intl (Timna) | K113: LLER | L113: ETM | M113: NEU | N113: ISR | O113: Haifa/U Michaeli | P113: LLHA | Q113: HFA | R113: NEU | S113: 342 | T113: 0 | U113: 0.045138889 | V113: 1330 | W113: 1170 | X113: 2500 | Y113: No | Z113: 1850 | AA113: 650 | AB113: 0 | AC113: 0 | AD113: 0 | AE113: 0 | AG113: 0 | AH113: 0 | AI113: 0 | AJ113: 0 | AK113: 2.054 | AL113: 2.054 | AM113: 2.054
A114: =CONCATENATE(D114,K114,TEXT(C114,"YYYY-MM-DD")) -> HFA851LLHA2026-01-04 | B114: =VLOOKUP(A114,Sheet1!A114:B1456,1,FALSE) -> HFA851LLHA2026-01-04 | C114: 46026 | D114: HFA851 | E114: SCD | G114: AT76 | H114: 4X-IHB | I114: ISR | J114: Haifa/U Michaeli | K114: LLHA | L114: HFA | M114: NEU | N114: CYP | O114: Paphos International (Pafos) | P114: LCPH | Q114: PFO | R114: EU | S114: 318 | T114: 0 | U114: 0.044444444 | V114: 1850 | W114: -40 | X114: 1810 | Y114: No | Z114: 1100 | AA114: 710 | AB114: 0 | AC114: 0 | AD114: 0 | AE114: 0 | AG114: 0 | AH114: 0 | AI114: 0 | AJ114: 0 | AK114: 2.2436 | AL114: 2.2436 | AM114: 2.2436
A115: =CONCATENATE(D115,K115,TEXT(C115,"YYYY-MM-DD")) -> HFA852LCPH2026-01-04 | B115: =VLOOKUP(A115,Sheet1!A115:B1457,1,FALSE) -> HFA852LCPH2026-01-04 | C115: 46026 | D115: HFA852 | E115: SCD | G115: AT76 | H115: 4X-IHB | I115: CYP | J115: Paphos International (Pafos) | K115: LCPH | L115: PFO | M115: EU | N115: ISR | O115: Haifa/U Michaeli | P115: LLHA | Q115: HFA | R115: NEU | S115: 318 | T115: 0 | U115: 0.066666667 | V115: 1100 | W115: 1100 | X115: 2200 | Y115: No | Z115: 1340 | AA115: 860 | AB115: 0 | AC115: 0 | AD115: 0 | AE115: 0 | AG115: 0 | AH115: 0 | AI115: 0 | AJ115: 0 | AK115: 2.7176 | AL115: 2.7176 | AM115: 2.7176
A116: =CONCATENATE(D116,K116,TEXT(C116,"YYYY-MM-DD")) -> HFA701LLHA2026-01-05 | B116: =VLOOKUP(A116,Sheet1!A116:B1458,1,FALSE) -> HFA701LLHA2026-01-05 | C116: 46027 | D116: HFA701 | E116: SCD | G116: AT76 | H116: 4X-IHB | I116: ISR | J116: Haifa/U Michaeli | K116: LLHA | L116: HFA | M116: NEU | N116: GRC | O116: Athens Intl Eleftherios Venizelos | P116: LGAV | Q116: ATH | R116: EU | S116: 1157 | T116: 0 | U116: 0.11875 | V116: 1340 | W116: 1960 | X116: 3300 | Y116: No | Z116: 1470 | AA116: 1830 | AB116: 0 | AC116: 0 | AD116: 0 | AE116: 0 | AG116: 0 | AH116: 0 | AI116: 0 | AJ116: 0 | AK116: 5.7828 | AL116: 5.7828 | AM116: 5.7828
A117: =CONCATENATE(D117,K117,TEXT(C117,"YYYY-MM-DD")) -> HFA702LGAV2026-01-05 | B117: =VLOOKUP(A117,Sheet1!A117:B1459,1,FALSE) -> HFA702LGAV2026-01-05 | C117: 46027 | D117: HFA702 | E117: SCD | G117: AT76 | H117: 4X-IHB | I117: GRC | J117: Athens Intl Eleftherios Venizelos | K117: LGAV | L117: ATH | M117: EU | N117: ISR | O117: Haifa/U Michaeli | P117: LLHA | Q117: HFA | R117: NEU | S117: 1157 | T117: 0 | U117: 0.11319444 | V117: 1470 | W117: 1730 | X117: 3200 | Y117: No | Z117: 1510 | AA117: 1690 | AB117: 0 | AC117: 0 | AD117: 0 | AE117: 0 | AG117: 0 | AH117: 0 | AI117: 0 | AJ117: 0 | AK117: 5.3404 | AL117: 5.3404 | AM117: 5.3404
A118: =CONCATENATE(D118,K118,TEXT(C118,"YYYY-MM-DD")) -> HFA703LLHA2026-01-07 | B118: =VLOOKUP(A118,Sheet1!A118:B1460,1,FALSE) -> HFA703LLHA2026-01-07 | C118: 46029 | D118: HFA703 | E118: SCD | G118: AT76 | H118: 4X-IHB | I118: ISR | J118: Haifa/U Michaeli | K118: LLHA | L118: HFA | M118: NEU | N118: GRC | O118: Athens Intl Eleftherios Venizelos | P118: LGAV | Q118: ATH | R118: EU | S118: 1157 | T118: 0 | U118: 0.12986111 | V118: 1510 | W118: 1990 | X118: 3500 | Y118: No | Z118: 1420 | AA118: 2080 | AB118: 0 | AC118: 0 | AD118: 0 | AE118: 0 | AG118: 0 | AH118: 0 | AI118: 0 | AJ118: 0 | AK118: 6.5728 | AL118: 6.5728 | AM118: 6.5728
A119: =CONCATENATE(D119,K119,TEXT(C119,"YYYY-MM-DD")) -> HFA704LGAV2026-01-07 | B119: =VLOOKUP(A119,Sheet1!A119:B1461,1,FALSE) -> HFA704LGAV2026-01-07 | C119: 46029 | D119: HFA704 | E119: SCD | G119: AT76 | H119: 4X-IHB | I119: GRC | J119: Athens Intl Eleftherios Venizelos | K119: LGAV | L119: ATH | M119: EU | N119: ISR | O119: Haifa/U Michaeli | P119: LLHA | Q119: HFA | R119: NEU | S119: 1157 | T119: 0 | U119: 0.10902778 | V119: 1420 | W119: 2080 | X119: 3500 | Y119: No | Z119: 1720 | AA119: 1780 | AB119: 0 | AC119: 0 | AD119: 0 | AE119: 0 | AG119: 0 | AH119: 0 | AI119: 0 | AJ119: 0 | AK119: 5.6248 | AL119: 5.6248 | AM119: 5.6248
A120: =CONCATENATE(D120,K120,TEXT(C120,"YYYY-MM-DD")) -> HFA603LLHA2026-01-08 | B120: =VLOOKUP(A120,Sheet1!A120:B1462,1,FALSE) -> HFA603LLHA2026-01-08 | C120: 46030 | D120: HFA603 | E120: SCD | F120: Both airfields outside EU | G120: AT76 | H120: 4X-IHB | I120: ISR | J120: Haifa/U Michaeli | K120: LLHA | L120: HFA | M120: NEU | N120: ISR | O120: Eilat/Ilan and Assaf Ramon Intl (Timna) | P120: LLER | Q120: ETM | R120: NEU | S120: 342 | T120: 0 | U120: 0.05 | V120: 1720 | W120: 180 | X120: 1900 | Y120: No | Z120: 1030 | AA120: 870 | AB120: 0 | AC120: 0 | AD120: 0 | AE120: 0 | AG120: 0 | AH120: 0 | AI120: 0 | AJ120: 0 | AK120: 2.7492 | AL120: 2.7492 | AM120: 2.7492
A121: =CONCATENATE(D121,K121,TEXT(C121,"YYYY-MM-DD")) -> HFA604LLER2026-01-08 | B121: =VLOOKUP(A121,Sheet1!A121:B1463,1,FALSE) -> HFA604LLER2026-01-08 | C121: 46030 | D121: HFA604 | E121: SCD | F121: Both airfields outside EU | G121: AT76 | H121: 4X-IHB | I121: ISR | J121: Eilat/Ilan and Assaf Ramon Intl (Timna) | K121: LLER | L121: ETM | M121: NEU | N121: ISR | O121: Haifa/U Michaeli | P121: LLHA | Q121: HFA | R121: NEU | S121: 342 | T121: 0 | U121: 0.041666667 | V121: 1030 | W121: 1470 | X121: 2500 | Y121: No | Z121: 1840 | AA121: 660 | AB121: 0 | AC121: 0 | AD121: 0 | AE121: 0 | AG121: 0 | AH121: 0 | AI121: 0 | AJ121: 0 | AK121: 2.0856 | AL121: 2.0856 | AM121: 2.0856
A122: =CONCATENATE(D122,K122,TEXT(C122,"YYYY-MM-DD")) -> HFA601LLHA2026-01-11 | B122: =VLOOKUP(A122,Sheet1!A122:B1464,1,FALSE) -> HFA601LLHA2026-01-11 | C122: 46033 | D122: HFA601 | E122: SCD | F122: Both airfields outside EU | G122: AT76 | H122: 4X-IHB | I122: ISR | J122: Haifa/U Michaeli | K122: LLHA | L122: HFA | M122: NEU | N122: ISR | O122: Eilat/Ilan and Assaf Ramon Intl (Timna) | P122: LLER | Q122: ETM | R122: NEU | S122: 342 | T122: 0 | U122: 0.05 | V122: 1840 | W122: 60 | X122: 1900 | Y122: No | Z122: 1070 | AA122: 830 | AB122: 0 | AC122: 0 | AD122: 0 | AE122: 0 | AG122: 0 | AH122: 0 | AI122: 0 | AJ122: 0 | AK122: 2.6228 | AL122: 2.6228 | AM122: 2.6228
A123: =CONCATENATE(D123,K123,TEXT(C123,"YYYY-MM-DD")) -> HFA602LLER2026-01-11 | B123: =VLOOKUP(A123,Sheet1!A123:B1465,1,FALSE) -> HFA602LLER2026-01-11 | C123: 46033 | D123: HFA602 | E123: SCD | F123: Both airfields outside EU | G123: AT76 | H123: 4X-IHB | I123: ISR | J123: Eilat/Ilan and Assaf Ramon Intl (Timna) | K123: LLER | L123: ETM | M123: NEU | N123: ISR | O123: Haifa/U Michaeli | P123: LLHA | Q123: HFA | R123: NEU | S123: 342 | T123: 0 | U123: 0.043055556 | V123: 1070 | W123: 1230 | X123: 2300 | Y123: No | Z123: 1930 | AA123: 370 | AB123: 0 | AC123: 0 | AD123: 0 | AE123: 0 | AG123: 0 | AH123: 0 | AI123: 0 | AJ123: 0 | AK123: 1.1692 | AL123: 1.1692 | AM123: 1.1692
A124: =CONCATENATE(D124,K124,TEXT(C124,"YYYY-MM-DD")) -> HFA603LLHA2026-01-11 | B124: =VLOOKUP(A124,Sheet1!A124:B1466,1,FALSE) -> HFA603LLHA2026-01-11 | C124: 46033 | D124: HFA603 | E124: SCD | F124: Both airfields outside EU | G124: AT76 | H124: 4X-IHB | I124: ISR | J124: Haifa/U Michaeli | K124: LLHA | L124: HFA | M124: NEU | N124: ISR | O124: Eilat/Ilan and Assaf Ramon Intl (Timna) | P124: LLER | Q124: ETM | R124: NEU | S124: 342 | T124: 0 | U124: 0.047222222 | V124: 1930 | W124: 0 | X124: 1930 | Y124: No | Z124: 1130 | AA124: 800 | AB124: 0 | AC124: 0 | AD124: 0 | AE124: 0 | AG124: 0 | AH124: 0 | AI124: 0 | AJ124: 0 | AK124: 2.528 | AL124: 2.528 | AM124: 2.528
A125: =CONCATENATE(D125,K125,TEXT(C125,"YYYY-MM-DD")) -> HFA604LLER2026-01-11 | B125: =VLOOKUP(A125,Sheet1!A125:B1467,1,FALSE) -> HFA604LLER2026-01-11 | C125: 46033 | D125: HFA604 | E125: SCD | F125: Both airfields outside EU | G125: AT76 | H125: 4X-IHB | I125: ISR | J125: Eilat/Ilan and Assaf Ramon Intl (Timna) | K125: LLER | L125: ETM | M125: NEU | N125: ISR | O125: Haifa/U Michaeli | P125: LLHA | Q125: HFA | R125: NEU | S125: 342 | T125: 0 | U125: 0.040972222 | V125: 1130 | W125: 1370 | X125: 2500 | Y125: No | Z125: 1830 | AA125: 670 | AB125: 0 | AC125: 0 | AD125: 0 | AE125: 0 | AG125: 0 | AH125: 0 | AI125: 0 | AJ125: 0 | AK125: 2.1172 | AL125: 2.1172 | AM125: 2.1172
A126: =CONCATENATE(D126,K126,TEXT(C126,"YYYY-MM-DD")) -> HFA701LLHA2026-01-12 | B126: =VLOOKUP(A126,Sheet1!A126:B1468,1,FALSE) -> HFA701LLHA2026-01-12 | C126: 46034 | D126: HFA701 | E126: SCD | G126: AT76 | H126: 4X-IHB | I126: ISR | J126: Haifa/U Michaeli | K126: LLHA | L126: HFA | M126: NEU | N126: GRC | O126: Athens Intl Eleftherios Venizelos | P126: LGAV | Q126: ATH | R126: EU | S126: 1157 | T126: 0 | U126: 0.12708333 | V126: 1830 | W126: 1570 | X126: 3400 | Y126: No | Z126: 1500 | AA126: 1900 | AB126: 0 | AC126: 0 | AD126: 0 | AE126: 0 | AG126: 0 | AH126: 0 | AI126: 0 | AJ126: 0 | AK126: 6.004 | AL126: 6.004 | AM126: 6.004
A127: =CONCATENATE(D127,K127,TEXT(C127,"YYYY-MM-DD")) -> HFA702LGAV2026-01-12 | B127: =VLOOKUP(A127,Sheet1!A127:B1469,1,FALSE) -> HFA702LGAV2026-01-12 | C127: 46034 | D127: HFA702 | E127: SCD | G127: AT76 | H127: 4X-IHB | I127: GRC | J127: Athens Intl Eleftherios Venizelos | K127: LGAV | L127: ATH | M127: EU | N127: ISR | O127: Tel Aviv/Ben Gurion International | P127: LLBG | Q127: TLV | R127: NEU | S127: 1195 | T127: 1158 | U127: 0.14513889 | V127: 1500 | W127: 2100 | X127: 3600 | Y127: No | Z127: 1470 | AA127: 2130 | AB127: 0 | AC127: 0 | AD127: 0 | AE127: 0 | AG127: 0 | AH127: 0 | AI127: 0 | AJ127: 0 | AK127: 6.7308 | AL127: 6.7308 | AM127: 6.7308
A128: =CONCATENATE(D128,K128,TEXT(C128,"YYYY-MM-DD")) -> HFA204LLBG2026-01-14 | B128: =VLOOKUP(A128,Sheet1!A128:B1470,1,FALSE) -> #N/A | C128: 46036 | D128: HFA204 | E128: NSCD | F128: Both airfields outside EU | G128: AT76 | H128: 4X-IHB | I128: ISR | J128: Tel Aviv/Ben Gurion International | K128: LLBG | L128: TLV | M128: NEU | N128: ISR | O128: Haifa/U Michaeli | P128: LLHA | Q128: HFA | R128: NEU | S128: 90 | T128: 91 | U128: 0.028472222 | V128: 1470 | W128: 0 | X128: 1470 | Y128: No | Z128: 1140 | AA128: 330 | AB128: 0 | AC128: 0 | AD128: 0 | AE128: 0 | AG128: 0 | AH128: 0 | AI128: 0 | AJ128: 0 | AK128: 1.0428 | AL128: 1.0428 | AM128: 1.0428
A129: =CONCATENATE(D129,K129,TEXT(C129,"YYYY-MM-DD")) -> HFA951LLHA2026-01-14 | B129: =VLOOKUP(A129,Sheet1!A129:B1471,1,FALSE) -> HFA951LLHA2026-01-14 | C129: 46036 | D129: HFA951 | E129: SCD | G129: AT76 | H129: 4X-IHB | I129: ISR | J129: Haifa/U Michaeli | K129: LLHA | L129: HFA | M129: NEU | N129: BGR | O129: Sofia International | P129: LBSF | Q129: SOF | R129: EU | S129: 1499 | T129: 0 | U129: 0.16388889 | V129: 1140 | W129: 3140 | X129: 4280 | Y129: No | Z129: 1450 | AA129: 2830 | AB129: 0 | AC129: 0 | AD129: 0 | AE129: 0 | AG129: 0 | AH129: 0 | AI129: 0 | AJ129: 0 | AK129: 8.9428 | AL129: 8.9428 | AM129: 8.9428
A130: =CONCATENATE(D130,K130,TEXT(C130,"YYYY-MM-DD")) -> HFA952LBSF2026-01-14 | B130: =VLOOKUP(A130,Sheet1!A130:B1472,1,FALSE) -> HFA952LBSF2026-01-14 | C130: 46036 | D130: HFA952 | E130: SCD | G130: AT76 | H130: 4X-IHB | I130: BGR | J130: Sofia International | K130: LBSF | L130: SOF | M130: EU | N130: ISR | O130: Haifa/U Michaeli | P130: LLHA | Q130: HFA | R130: NEU | S130: 1499 | T130: 0 | U130: 0.13402778 | V130: 1450 | W130: 2750 | X130: 4200 | Y130: No | Z130: 2280 | AA130: 1920 | AB130: 0 | AC130: 0 | AD130: 0 | AE130: 0 | AG130: 0 | AH130: 0 | AI130: 0 | AJ130: 0 | AK130: 6.0672 | AL130: 6.0672 | AM130: 6.0672
A131: =CONCATENATE(D131,K131,TEXT(C131,"YYYY-MM-DD")) -> HFA603LLHA2026-01-15 | B131: =VLOOKUP(A131,Sheet1!A131:B1473,1,FALSE) -> HFA603LLHA2026-01-15 | C131: 46037 | D131: HFA603 | E131: SCD | F131: Both airfields outside EU | G131: AT76 | H131: 4X-IHB | I131: ISR | J131: Haifa/U Michaeli | K131: LLHA | L131: HFA | M131: NEU | N131: ISR | O131: Eilat/Ilan and Assaf Ramon Intl (Timna) | P131: LLER | Q131: ETM | R131: NEU | S131: 342 | T131: 0 | U131: 0.048611111 | V131: 2280 | W131: 0 | X131: 2280 | Y131: No | Z131: 1610 | AA131: 670 | AB131: 0 | AC131: 0 | AD131: 0 | AE131: 0 | AG131: 0 | AH131: 0 | AI131: 0 | AJ131: 0 | AK131: 2.1172 | AL131: 2.1172 | AM131: 2.1172
A132: =CONCATENATE(D132,K132,TEXT(C132,"YYYY-MM-DD")) -> HFA604LLER2026-01-15 | B132: =VLOOKUP(A132,Sheet1!A132:B1474,1,FALSE) -> HFA604LLER2026-01-15 | C132: 46037 | D132: HFA604 | E132: SCD | F132: Both airfields outside EU | G132: AT76 | H132: 4X-IHB | I132: ISR | J132: Eilat/Ilan and Assaf Ramon Intl (Timna) | K132: LLER | L132: ETM | M132: NEU | N132: ISR | O132: Haifa/U Michaeli | P132: LLHA | Q132: HFA | R132: NEU | S132: 342 | T132: 0 | U132: 0.047222222 | V132: 1610 | W132: 590 | X132: 2200 | Y132: No | Z132: 1410 | AA132: 790 | AB132: 0 | AC132: 0 | AD132: 0 | AE132: 0 | AG132: 0 | AH132: 0 | AI132: 0 | AJ132: 0 | AK132: 2.4964 | AL132: 2.4964 | AM132: 2.4964
...

Sheet Sheet1
A1: key | B1: flightid | C1: releasestatus | D1: filing_status | E1: departure | F1: destination | G1: scheduled_time_of_departure | H1: aircraft_registration | I1: callsign | J1: alternate | K1: flight_rule | L1: atc_type_of_flight | M1: dispatcher_notes | N1: item18_remarks | O1: route_to_destination | P1: route_altitude_fl | Q1: load_people | R1: load_cargo_kg | S1: log_time_off | T1: log_time_on | U1: log_flight_duration | V1: log_block_duration | W1: perf_flight_fuel | X1: perf_taxi_fuel | Y1: perf_fuel_to_destination | Z1: perf_landing_fuel | AA1: perf_alternate_fuel | AB1: perf_reserve_fuel | AC1: perf_extra_fuel | AD1: perf_contingency_fuel | AE1: perf_total_fuel | AF1: perf_max_total_fuel | AG1: perf_co2_emission | AH1: perf_taxi_time_min | AI1: perf_time_to_dest_min | AJ1: perf_total_time_min | AK1: perf_departure_time_utc | AL1: perf_estimated_arrival_utc | AM1: dist_destination_nm | AN1: dist_gcd_destination_nm | AO1: dist_alternate_nm | AP1: weight_ramp | AQ1: weight_takeoff | AR1: weight_max_takeoff | AS1: weight_zero_fuel | AT1: weight_landing | AU1: weather_avg_wind_comp | AV1: weather_avg_wind_dir | AW1: weather_avg_wind_vel | AX1: weather_avg_isa_dev | AY1: is_etops_enabled
A2: =CONCATENATE(I2,E2,LEFT(G2,10)) -> HFA101LLBG2026-03-04 | B2: 9f12e41e0dad4d44adf26921a65ffb29 | C2: NotReleased | D2: None | E2: LLBG | F2: LCLK | G2: 2026-03-04T14:30:00Z | H2: 4XIHC | I2: HFA101 | J2: LCPH | K2: IFR | L2: G | O2: SUVAS DCT STEPA DCT APLON A28 BETID | P2: 140 | Q2: 0 | R2: 500 | W2: 1007 | X2: 80 | Y2: 927 | Z2: 643 | AA2: 323 | AB2: 231 | AC2: 42 | AD2: 46 | AE2: 1650 | AF2: 5000 | AG2: 3183 | AH2: 0 | AI2: 73 | AJ2: 133 | AK2: 2026-03-04T14:30:00Z | AL2: 2026-03-04T15:43:21.480904Z | AM2: 299.85 | AN2: 183.03 | AO2: 73.5 | AP2: 15650 | AQ2: 15570 | AR2: 23000 | AS2: 14000 | AT2: 14643 | AU2: -17 | AV2: 334.87 | AW2: 23.67 | AX2: 2.13 | AY2: FALSE
A3: =CONCATENATE(I3,E3,LEFT(G3,10)) -> HFA101LLBG2026-03-05 | B3: 1355c4b7243641c49127b032148ebe39 | C3: Success | D3: Filed | E3: LLBG | F3: LCLK | G3: 2026-03-05T14:25:00Z | H3: 4XIHC | I3: HFA101 | J3: LCPH | K3: IFR | L3: G | M3: 1. EXTRA FUEL IS DUE EST FUE ON BOARD. 2/EXTRA FUEL POLICY WAS OVERRIDDEN BY LIOR YAVOR. DISP-EREZ Y. | N3: RTECOORATC LCCC | O3: SUVAS STEPA APLON A28 BETID | P3: 160 | Q3: 4 | R3: 700 | S3: 2026-03-05T15:50:40Z | T3: 2026-03-05T16:55:02Z | U3: 1.0727778 | V3: 1.53 | W3: 950 | X3: 80 | Y3: 870 | Z3: 697 | AA3: 321 | AB3: 233 | AC3: 100 | AD3: 44 | AE3: 1647 | AF3: 5000 | AG3: 3002 | AH3: 0 | AI3: 72 | AJ3: 136 | AK3: 2026-03-05T14:25:00Z | AL3: 2026-03-05T15:37:04.4575967Z | AM3: 299.85 | AN3: 183.03 | AO3: 73.5 | AP3: 15847 | AQ3: 15767 | AR3: 23000 | AS3: 14200 | AT3: 14897 | AU3: -8 | AV3: 301.59 | AW3: 18.41 | AX3: 1.7 | AY3: FALSE
A4: =CONCATENATE(I4,E4,LEFT(G4,10)) -> HFA102LCLK2026-03-05 | B4: 60455fdc720546a2a3a8f7f4d8daab26 | C4: Success | D4: Filed | E4: LCLK | F4: LLBG | G4: 2026-03-05T12:45:00Z | H4: 4XIHC | I4: HFA102 | J4: LCLK | K4: IFR | L4: S | M4: 1. THIS FLIGHT WAS PREPARED BY NIMROD R. 2. EXTRA FUEL PLANNED FOR THE NEXT LEG. | N4: RTECOORATC LCCC | O4: EMEDA2B EMEDA M67 ANANE DCT IDAKU DCT PIKOG L609 ZUKKO | P4: 130 | Q4: 2 | R4: 7000 | S4: 2026-03-05T13:22:34Z | T4: 2026-03-05T14:20:01Z | U4: 0.9575 | V4: 1.2302778 | W4: 894 | X4: 80 | Y4: 814 | Z4: 1606 | AA4: 986 | AB4: 293 | AC4: 278 | AD4: 49 | AE4: 2500 | AF4: 5000 | AG4: 2826 | AH4: 0 | AI4: 63 | AJ4: 193 | AK4: 2026-03-05T12:45:00Z | AL4: 2026-03-05T13:47:55.7023105Z | AM4: 264.72 | AN4: 183.03 | AO4: 299.85 | AP4: 23000 | AQ4: 22920 | AR4: 23000 | AS4: 20500 | AT4: 22106 | AU4: 7 | AV4: 307.76 | AW4: 12.44 | AX4: 2.28 | AY4: FALSE
A5: =CONCATENATE(I5,E5,LEFT(G5,10)) -> HFA102LCLK2026-03-29 | B5: 1208ea5514a04d80a29d00daacec2307 | C5: Success | D5: Filed | E5: LCLK | F5: LLBG | G5: 2026-03-29T10:45:00Z | H5: 4XIHE | I5: HFA102 | J5: LCLK | K5: IFR | L5: S | M5: 1. THIS FLIGHT WAS PREPARED BY NIMROD R. EXTRA FUEL PLANNED FOR POSSIBLE SIRENS. | O5: EMEDA2B EMEDA M67 ANANE DCT IDAKU DCT PIKOG L609 ZUKKO AMMOS1A | P5: 150 | Q5: 2 | R5: 7000 | S5: 2026-03-29T10:58:58Z | T5: 2026-03-29T11:58:29Z | U5: 0.99194444 | V5: 1.2538889 | W5: 947 | X5: 80 | Y5: 867 | Z5: 1653 | AA5: 997 | AB5: 292 | AC5: 315 | AD5: 49 | AE5: 2600 | AF5: 5000 | AG5: 2992 | AH5: 0 | AI5: 69 | AJ5: 211 | AK5: 2026-03-29T10:45:00Z | AL5: 2026-03-29T11:54:22.4837397Z | AM5: 278.31 | AN5: 183.03 | AO5: 300.19 | AP5: 22925 | AQ5: 22845 | AR5: 23000 | AS5: 20325 | AT5: 21978 | AU5: -4 | AV5: 249.7 | AW5: 51.93 | AX5: 0.74 | AY5: FALSE
A6: =CONCATENATE(I6,E6,LEFT(G6,10)) -> HFA103LLBG2026-03-05 | B6: ca25baac07cc4a47ba3b5e8a77e815e4 | C6: Success | D6: Filed | E6: LLBG | F6: LCLK | G6: 2026-03-05T15:25:00Z | H6: 4XIHE | I6: HFA103 | J6: LCPH | K6: IFR | L6: S | M6: 1. THIS FLIGHT WAS PREPARED BY NIMROD R. | N6: RTECOORATC LCCC | O6: SUVAS DCT STEPA DCT APLON A28 BETID | P6: 160 | Q6: 3 | R6: 700 | S6: 2026-03-05T16:12:48Z | T6: 2026-03-05T17:15:21Z | U6: 1.0425 | V6: 1.3227778 | W6: 929 | X6: 80 | Y6: 849 | Z6: 690 | AA6: 315 | AB6: 232 | AC6: 100 | AD6: 42 | AE6: 1619 | AF6: 5000 | AG6: 2936 | AH6: 0 | AI6: 72 | AJ6: 136 | AK6: 2026-03-05T15:25:00Z | AL6: 2026-03-05T16:37:01.4169716Z | AM6: 299.85 | AN6: 183.03 | AO6: 73.5 | AP6: 15644 | AQ6: 15564 | AR6: 23000 | AS6: 14025 | AT6: 14715 | AU6: -8 | AV6: 302.48 | AW6: 18.9 | AX6: 1.7 | AY6: FALSE
A7: =CONCATENATE(I7,E7,LEFT(G7,10)) -> HFA104LCLK2026-03-05 | B7: 38eae647f5394118b67a9ba305a74076 | C7: Success | D7: Filed | E7: LCLK | F7: LLBG | G7: 2026-03-05T13:45:00Z | H7: 4XIHE | I7: HFA104 | J7: LCLK | K7: IFR | L7: S | M7: **NEW OFP DUE DROP OF ZFW BY MORE THE 800 KG 1. DISP EREZ Y. 2. EXTRA FUEL PLANNED FOR THE NEXT LEG. | N7: RTECOORATC LCCC | O7: EMEDA2B EMEDA DCT ANANE DCT IDAKU DCT PIKOG L609 ZUKKO | P7: 130 | Q7: 2 | R7: 0 | S7: 2026-03-05T11:27:52Z | T7: 2026-03-05T15:26:21Z | U7: 3.9747222 | V7: 1.2980556 | W7: 863 | X7: 80 | Y7: 783 | Z7: 1637 | AA7: 950 | AB7: 278 | AC7: 363 | AD7: 46 | AE7: 2500 | AF7: 5000 | AG7: 2727 | AH7: 0 | AI7: 62 | AJ7: 198 | AK7: 2026-03-05T13:45:00Z | AL7: 2026-03-05T14:47:14.5552237Z | AM7: 264.72 | AN7: 183.03 | AO7: 299.85 | AP7: 21494 | AQ7: 21414 | AR7: 23000 | AS7: 18994 | AT7: 20631 | AU7: 7 | AV7: 304.82 | AW7: 12.32 | AX7: 2.19 | AY7: FALSE
A8: =CONCATENATE(I8,E8,LEFT(G8,10)) -> HFA104LCLK2026-03-30 | B8: 8655234f0e404e90ae8cde9764e751ea | C8: Success | D8: Filed | E8: LCLK | F8: LLBG | G8: 2026-03-30T15:45:00Z | H8: 4XIHA | I8: HFA104 | J8: LCLK | K8: IFR | L8: S | M8: EXTRA FUEL IS FOR THE NEXT FLT AND CAN BE USED IF NEEDED DUE POSS HOLD. DISP-EREZ Y. | N8: DISPATCH +972502126365 | O8: EMEDA2B EMEDA M67 ANANE DCT IDAKU DCT PIKOG L609 ZUKKO AMMOS1A | P8: 150 | Q8: 2 | R8: 2700 | S8: 2026-03-30T16:17:58Z | T8: 2026-03-30T17:10:04Z | U8: 0.86833333 | V8: 1.1127778 | W8: 877 | X8: 80 | Y8: 797 | Z8: 1923 | AA8: 949 | AB8: 254 | AC8: 678 | AD8: 42 | AE8: 2800 | AF8: 5000 | AG8: 2770 | AH8: 0 | AI8: 65 | AJ8: 234 | AK8: 2026-03-30T15:45:00Z | AL8: 2026-03-30T16:49:43.6814202Z | AM8: 278.31 | AN8: 183.03 | AO8: 300.19 | AP8: 18705 | AQ8: 18625 | AR8: 23000 | AS8: 15905 | AT8: 17828 | AU8: 9 | AV8: 283.97 | AW8: 44.58 | AX8: 2.76 | AY8: FALSE
A9: =CONCATENATE(I9,E9,LEFT(G9,10)) -> HFA104LCLK2026-03-31 | B9: 18d8a77c3d4d4026808cce8385488b57 | C9: Success | D9: Filed | E9: LCLK | F9: LLBG | G9: 2026-03-31T15:45:00Z | H9: 4XIHC | I9: HFA104 | J9: LCLK | K9: IFR | L9: S | M9: EXTRA FUEL IS FOR THE NEXT FLIGHT DIS. BY AYELET W. | O9: N0274F150 EMEDA2B EMEDA M67 ANANE DCT IDAKU DCT PIKOG L609 ZUKKO AMMOS1A | P9: 150 | Q9: 4 | R9: 2500 | S9: 2026-03-31T16:03:52Z | T9: 2026-03-31T16:57:48Z | U9: 0.89888889 | V9: 1.1913889 | W9: 899 | X9: 80 | Y9: 819 | Z9: 1901 | AA9: 942 | AB9: 255 | AC9: 662 | AD9: 42 | AE9: 2800 | AF9: 5000 | AG9: 2842 | AH9: 0 | AI9: 67 | AJ9: 233 | AK9: 2026-03-31T15:45:00Z | AL9: 2026-03-31T16:51:35.7420566Z | AM9: 278.31 | AN9: 183.03 | AO9: 300.19 | AP9: 18800 | AQ9: 18720 | AR9: 23000 | AS9: 16000 | AT9: 17901 | AU9: 2 | AV9: 265.37 | AW9: 34.52 | AX9: 5.5 | AY9: FALSE
A10: =CONCATENATE(I10,E10,LEFT(G10,10)) -> HFA105LLBG2026-03-06 | B10: 247ade7c105f4155a29efc8d6ba07191 | C10: Success | D10: Filed | E10: LLBG | F10: LCLK | G10: 2026-03-06T19:40:00Z | H10: 4XIHC | I10: HFA105 | J10: LCPH | K10: IFR | L10: S | M10: 1. THIS FLIGHT WAS PREPARED BY NIMROD R. | N10: RTECOORATC LCCC | O10: N0282A160 SUVAS DCT STEPA DCT APLON A28 BETID | P10: 160 | Q10: 3 | R10: 700 | S10: 2026-03-06T20:22:29Z | T10: 2026-03-06T21:19:20Z | U10: 0.9475 | V10: 1.6930556 | W10: 982 | X10: 80 | Y10: 902 | Z10: 603 | AA10: 326 | AB10: 232 | AC10: 0 | AD10: 45 | AE10: 1585 | AF10: 5000 | AG10: 3103 | AH10: 0 | AI10: 75 | AJ10: 131 | AK10: 2026-03-06T19:40:00Z | AL10: 2026-03-06T20:55:05.2998591Z | AM10: 299.85 | AN10: 183.03 | AO10: 73.5 | AP10: 15785 | AQ10: 15705 | AR10: 23000 | AS10: 14200 | AT10: 14803 | AU10: -19 | AV10: 299.29 | AW10: 27.12 | AX10: 2.14 | AY10: FALSE
A11: =CONCATENATE(I11,E11,LEFT(G11,10)) -> HFA105LLBG2026-03-30 | B11: 185a145f782443aa9a20b966be943fbe | C11: Success | D11: Filed | E11: LLBG | F11: LCLK | G11: 2026-03-30T18:00:00Z | H11: 4XIHE | I11: HFA105 | J11: LCPH | K11: IFR | L11: S | M11: 1.EXTRA FUEL IS FOR POSS TAXI HOLD. 2.DTA NOT AVAIL FOR ISRAELI SIG MAPS. 3.FLT DISPATCHED AT F/L 160,AT F/L 120 IT IS 2 MIN SHORTER PER YOUR DISCRETION. DISP-EREZ Y. | O11: N0273A160 SUVAS1E SUVAS DCT STEPA DCT APLON A28 ANANE M28 BETID BETID1A | P11: 160 | Q11: 2 | R11: 6100 | S11: 2026-03-30T19:05:19Z | T11: 2026-03-30T20:27:32Z | U11: 1.3702778 | V11: 1.5869444 | W11: 1008 | X11: 80 | Y11: 928 | Z11: 968 | AA11: 345 | AB11: 277 | AC11: 300 | AD11: 46 | AE11: 1975 | AF11: 5000 | AG11: 3184 | AH11: 0 | AI11: 78 | AJ11: 161 | AK11: 2026-03-30T18:00:00Z | AL11: 2026-03-30T19:18:25.1697964Z | AM11: 301.74 | AN11: 183.03 | AO11: 73.5 | AP11: 21400 | AQ11: 21320 | AR11: 23000 | AS11: 19425 | AT11: 20393 | AU11: -18 | AV11: 283.4 | AW11: 42.83 | AX11: 4.23 | AY11: FALSE
A12: =CONCATENATE(I12,E12,LEFT(G12,10)) -> HFA105LLBG2026-03-31 | B12: 8c9740d1aa1941a58f75bb8091859dcf | C12: Success | D12: Filed | E12: LLBG | F12: LCLK | G12: 2026-03-31T18:00:00Z | H12: 4XIHC | I12: HFA105 | J12: LCPH | K12: IFR | L12: S | M12: EXTRA FUEL FOR POSS WAIT AT LLBG DIS. BY AYELET W. | N12: RTECOORATC | O12: N0273A160 SUVAS1E SUVAS DCT STEPA DCT APLON A28 ANANE M28 BETID BETID1A | P12: 160 | Q12: 3 | R12: 6200 | S12: 2026-03-31T18:14:28Z | T12: 2026-03-31T19:11:42Z | U12: 0.95388889 | V12: 1.4280556 | W12: 1021 | X12: 80 | Y12: 941 | Z12: 966 | AA12: 340 | AB12: 279 | AC12: 300 | AD12: 47 | AE12: 1987 | AF12: 5000 | AG12: 3227 | AH12: 0 | AI12: 79 | AJ12: 160 | AK12: 2026-03-31T18:00:00Z | AL12: 2026-03-31T19:18:43.8743292Z | AM12: 301.74 | AN12: 183.03 | AO12: 73.5 | AP12: 21687 | AQ12: 21607 | AR12: 23000 | AS12: 19700 | AT12: 20666 | AU12: -17 | AV12: 276.81 | AW12: 47.52 | AX12: 5.8 | AY12: FALSE
A13: =CONCATENATE(I13,E13,LEFT(G13,10)) -> HFA106LCLK2026-03-06 | B13: 80d314e8feb34e26ba6faf8f719eeacb | C13: Success | D13: Filed | E13: LCLK | F13: LLBG | G13: 2026-03-06T16:15:00Z | H13: 4XIHC | I13: HFA106 | J13: LCLK | K13: IFR | L13: S | M13: AC IS FUELED WITH 2500 KG EXTRA FUEL FOR THE NEXT LEG. DIS. BY NIMROD R. NEW OFP REV. 01 ISSUED DUE TO DECREASE IN ZFW. | O13: EMEDA2B EMEDA M67 ANANE DCT IDAKU DCT PIKOG L609 ZUKKO GODED2 | P13: 150 | Q13: 2 | R13: 0 | S13: 2026-03-06T16:33:08Z | T13: 2026-03-06T17:53:02Z | U13: 1.3316667 | V13: 1.6272222 | W13: 864 | X13: 80 | Y13: 784 | Z13: 1636 | AA13: 759 | AB13: 281 | AC13: 549 | AD13: 47 | AE13: 2500 | AF13: 5000 | AG13: 2730 | AH13: 0 | AI13: 61 | AJ13: 199 | AK13: 2026-03-06T16:15:00Z | AL13: 2026-03-06T17:16:25.3635947Z | AM13: 264.92 | AN13: 183.03 | AO13: 215.32 | AP13: 21781 | AQ13: 21701 | AR13: 23000 | AS13: 19281 | AT13: 20917 | AU13: 12 | AV13: 300.29 | AW13: 26.28 | AX13: 0.69 | AY13: FALSE
A14: =CONCATENATE(I14,E14,LEFT(G14,10)) -> HFA107LLBG2026-03-06 | B14: 5219ee7f3ae14bd6a29ab00d4f74a9a5 | C14: Success | D14: Filed | E14: LLBG | F14: LCLK | G14: 2026-03-06T16:41:00Z | H14: 4XIHE | I14: HFA107 | J14: LCPH | K14: IFR | L14: S | M14: EXTRA FUEL IS PER COMPANY POLICY. DIS BY AYELET | N14: RTECOORATC LCCC | O14: SUVAS STEPA APLON A28 BETID | P14: 160 | Q14: 4 | R14: 900 | S14: 2026-03-06T16:52:46Z | T14: 2026-03-06T17:51:21Z | U14: 0.97638889 | V14: 1.3327778 | W14: 974 | X14: 80 | Y14: 894 | Z14: 699 | AA14: 321 | AB14: 233 | AC14: 100 | AD14: 45 | AE14: 1672 | AF14: 5000 | AG14: 3077 | AH14: 0 | AI14: 76 | AJ14: 141 | AK14: 2026-03-06T16:41:00Z | AL14: 2026-03-06T17:57:07.2299126Z | AM14: 299.85 | AN14: 183.03 | AO14: 73.5 | AP14: 15897 | AQ14: 15817 | AR14: 23000 | AS14: 14225 | AT14: 14924 | AU14: -23 | AV14: 295.46 | AW14: 31.62 | AX14: 1.94 | AY14: FALSE
A15: =CONCATENATE(I15,E15,LEFT(G15,10)) -> HFA107LLBG2026-03-29 | B15: 220b920abb164023a73853b9af5659ca | C15: Success | D15: Filed | E15: LLBG | F15: LCLK | G15: 2026-03-29T13:10:00Z | H15: 4XIHE | I15: HFA107 | J15: LCPH | K15: IFR | L15: S | M15: 1. THIS FLIGHT WAS PREPARED BY NIMROD R. 2. EXTRA FUEL PLANNED FOR POSSIBLE SIRENS. | N15: RTECOORATC LCCC | O15: SUVAS1F SUVAS STEPA APLON A28 BETID BETID1A | P15: 160 | Q15: 2 | R15: 6600 | S15: 2026-03-29T13:27:43Z | T15: 2026-03-29T14:31:16Z | U15: 1.0591667 | V15: 1.2994444 | W15: 1031 | X15: 80 | Y15: 951 | Z15: 990 | AA15: 362 | AB15: 281 | AC15: 300 | AD15: 48 | AE15: 2022 | AF15: 5000 | AG15: 3259 | AH15: 0 | AI15: 80 | AJ15: 163 | AK15: 2026-03-29T13:10:00Z | AL15: 2026-03-29T14:30:01.9922756Z | AM15: 301.67 | AN15: 183.03 | AO15: 73.5 | AP15: 21947 | AQ15: 21867 | AR15: 23000 | AS15: 19925 | AT15: 20915 | AU15: -22 | AV15: 267.98 | AW15: 63.67 | AX15: 1.66 | AY15: FALSE
A16: =CONCATENATE(I16,E16,LEFT(G16,10)) -> HFA108ALCLK2026-03-06 | B16: 8885d9c3a47e4810bd9fbe4f19099ffd | C16: Success | D16: Filed | E16: LCLK | F16: LGAV | G16: 2026-03-06T09:00:00Z | H16: 4XIHE | I16: HFA108A | J16: LGMK | K16: IFR | L16: S | M16: EXTRA FUEL IS PER COMPNAY POLICY DIS. BY AYELET W. | O16: PHA1W PHA M31 GENOS TOSKA M978 VAXOS N128 RDS L995 VARIX VARIX1Q | P16: 160 | Q16: 2 | R16: 700 | S16: 2026-03-06T09:25:05Z | T16: 2026-03-06T11:33:06Z | U16: 2.1336111 | V16: 2.475 | W16: 1729 | X16: 80 | Y16: 1649 | Z16: 820 | AA16: 406 | AB16: 232 | AC16: 100 | AD16: 82 | AE16: 2549 | AF16: 5000 | AG16: 5465 | AH16: 0 | AI16: 139 | AJ16: 216 | AK16: 2026-03-06T09:00:00Z | AL16: 2026-03-06T11:18:59.431665Z | AM16: 570.64 | AN16: 503.3 | AO16: 112.42 | AP16: 16574 | AQ16: 16494 | AR16: 23000 | AS16: 14025 | AT16: 14845 | AU16: -25 | AV16: 312.6 | AW16: 24.22 | AX16: 0.61 | AY16: FALSE
A17: =CONCATENATE(I17,E17,LEFT(G17,10)) -> HFA108LGAV2026-03-06 | B17: d49a69023f8e4ccd92eaf2032321679a | C17: Success | D17: Filed | E17: LGAV | F17: LLBG | G17: 2026-03-06T13:15:00Z | H17: 4XIHE | I17: HFA108 | J17: LCLK | K17: IFR | L17: S | M17: EXTRA FUEL FOR NEXT LEG. NEEDS TO REFUEL AT LLBG FOR NEXT LEG (LLBG-LCLK) DIS. BY AYELET W. | O17: KEA1E KEA L995 RDS/F150 L609 ALKIS/N0274F190 L609 APLON DCT PIKOG L609 ZUKKO AMMOS1A | P17: 190 | Q17: 2 | R17: 6500 | S17: 2026-03-06T13:37:08Z | T17: 2026-03-06T16:08:19Z | U17: 2.5197222 | V17: 2.7663889 | W17: 1787 | X17: 80 | Y17: 1707 | Z17: 1213 | AA17: 740 | AB17: 282 | AC17: 106 | AD17: 85 | AE17: 3000 | AF17: 5000 | AG17: 5647 | AH17: 0 | AI17: 149 | AJ17: 257 | AK17: 2026-03-06T13:15:00Z | AL17: 2026-03-06T15:43:34.5720084Z | AM17: 684.93 | AN17: 645.11 | AO17: 215.32 | AP17: 22825 | AQ17: 22745 | AR17: 23000 | AS17: 19825 | AT17: 21038 | AU17: 21 | AV17: 316.17 | AW17: 26.54 | AX17: 1.59 | AY17: FALSE
A18: =CONCATENATE(I18,E18,LEFT(G18,10)) -> HFA109LLBG2026-03-06 | B18: 70ed7c1fd8754809b4aa6ce2fa5d40d8 | C18: Success | D18: Filed | E18: LLBG | F18: LCLK | G18: 2026-03-06T18:55:00Z | H18: 4XIHB | I18: HFA109 | J18: LCPH | K18: IFR | L18: S | M18: 1. THIS FLIGHT WAS PREPARED BY NIMROD R. | N18: RTECOORATC LCCC | O18: SUVAS STEPA APLON A28 BETID | P18: 160 | Q18: 2 | R18: 700 | S18: 2026-03-06T19:40:39Z | T18: 2026-03-06T20:48:27Z | U18: 1.13 | V18: 1.7202778 | W18: 1061 | X18: 80 | Y18: 981 | Z18: 615 | AA18: 335 | AB18: 231 | AC18: 0 | AD18: 49 | AE18: 1677 | AF18: 5000 | AG18: 3354 | AH18: 0 | AI18: 75 | AJ18: 132 | AK18: 2026-03-06T18:55:00Z | AL18: 2026-03-06T20:10:22.0202161Z | AM18: 299.85 | AN18: 183.03 | AO18: 73.5 | AP18: 15688 | AQ18: 15608 | AR18: 23000 | AS18: 14011 | AT18: 14626 | AU18: -20 | AV18: 297.53 | AW18: 28.6 | AX18: 2.2 | AY18: FALSE
A19: =CONCATENATE(I19,E19,LEFT(G19,10)) -> HFA110ALCLK2026-03-06 | B19: 41f462e6cf284e9181f2c949d561396d | C19: Success | D19: Filed | E19: LCLK | F19: LGAV | G19: 2026-03-06T11:00:00Z | H19: 4XIHB | I19: HFA110A | J19: LGMK | K19: IFR | L19: S | M19: EXTREA FUEL PER COMPNAY POLICY-REDUCED TO 80KG (PER LIOR) DIS. BY AYELET W. | O19: PHA1W PHA M31 GENOS TOSKA M978 VAXOS N128 RDS L995 VARIX VARIX1Q | P19: 160 | Q19: 2 | R19: 500 | S19: 2026-03-06T11:26:45Z | T19: 2026-03-06T13:39:31Z | U19: 2.2127778 | V19: 2.4883333 | W19: 1876 | X19: 80 | Y19: 1796 | Z19: 821 | AA19: 421 | AB19: 230 | AC19: 80 | AD19: 90 | AE19: 2697 | AF19: 5000 | AG19: 5930 | AH19: 0 | AI19: 138 | AJ19: 213 | AK19: 2026-03-06T11:00:00Z | AL19: 2026-03-06T13:17:40.3997241Z | AM19: 570.64 | AN19: 503.3 | AO19: 112.42 | AP19: 16508 | AQ19: 16428 | AR19: 23000 | AS19: 13811 | AT19: 14632 | AU19: -23 | AV19: 315.28 | AW19: 22.85 | AX19: 0.72 | AY19: FALSE
A20: =CONCATENATE(I20,E20,LEFT(G20,10)) -> HFA110LGAV2026-03-06 | B20: d2cc38cb0bcc44e8b5a99278a0e4e4db | C20: Success | D20: Filed | E20: LGAV | F20: LLBG | G20: 2026-03-06T15:15:00Z | H20: 4XIHB | I20: HFA110 | J20: LCLK | K20: IFR | L20: S | M20: OFP REV 01 DUE TO EXTRA FUEL- 300KG EXTRA FUEL FOR THE NEXT LEG NEEDS TO REFUEL AT LLBG FOR NEXT LEG (LLBG-LCLK) DIS. BY AYELET W. | O20: KEA1E KEA L995 RDS/F150 L609 ALKIS/N0274F190 L609 APLON DCT PIKOG L609 ZUKKO GODED2 | P20: 190 | Q20: 2 | R20: 5900 | S20: 2026-03-06T15:31:10Z | T20: 2026-03-06T18:03:29Z | U20: 2.5386111 | V20: 2.7952778 | W20: 1886 | X20: 80 | Y20: 1806 | Z20: 1514 | AA20: 756 | AB20: 279 | AC20: 389 | AD20: 90 | AE20: 3400 | AF20: 5000 | AG20: 5959 | AH20: 0 | AI20: 146 | AJ20: 279 | AK20: 2026-03-06T15:15:00Z | AL20: 2026-03-06T17:40:41.1622023Z | AM20: 671.54 | AN20: 645.11 | AO20: 215.32 | AP20: 22611 | AQ20: 22531 | AR20: 23000 | AS20: 19211 | AT20: 20725 | AU20: 21 | AV20: 319.24 | AW20: 25.74 | AX20: 1.63 | AY20: FALSE
A21: =CONCATENATE(I21,E21,LEFT(G21,10)) -> HFA111LLBG2026-03-06 | B21: ec89f4f96ff743c09717d8a7c91d3709 | C21: Success | D21: Filed | E21: LLBG | F21: LCLK | G21: 2026-03-06T21:10:00Z | H21: 4XIHD | I21: HFA111 | J21: LCPH | K21: IFR | L21: S | M21: 1. THIS FLIGHT WAS PREPARED BY NIMROD R. | N21: DISPATCH 972502126365 RTECOORATC LCCC | O21: SUVAS STEPA APLON A28 BETID | P21: 160 | Q21: 2 | R21: 700 | S21: 2026-03-06T21:21:05Z | T21: 2026-03-06T22:19:16Z | U21: 0.96972222 | V21: 1.225 | W21: 944 | X21: 80 | Y21: 864 | Z21: 591 | AA21: 318 | AB21: 230 | AC21: 0 | AD21: 43 | AE21: 1536 | AF21: 5000 | AG21: 2985 | AH21: 0 | AI21: 74 | AJ21: 130 | AK21: 2026-03-06T21:10:00Z | AL21: 2026-03-06T22:24:25.0715491Z | AM21: 299.85 | AN21: 183.03 | AO21: 73.5 | AP21: 15461 | AQ21: 15381 | AR21: 23000 | AS21: 13925 | AT21: 14516 | AU21: -17 | AV21: 303.6 | AW21: 25.96 | AX21: 1.99 | AY21: FALSE
A22: =CONCATENATE(I22,E22,LEFT(G22,10)) -> HFA112ALCLK2026-03-06 | B22: 172bf7db1fb24bfc83699d5764c244f3 | C22: Success | D22: Cancelled | E22: LCLK | F22: LBSF | G22: 2026-03-06T11:30:00Z | H22: 4XIHD | I22: HFA112A | J22: LBPD | K22: IFR | L22: S | M22: EXTRA FUEL IS PER COMPANY POLICY DIS. BY AYEET W | N22: DISPATCH +972502126365, PASSENGERS FLIGHT | O22: PHA1W PHA M31 MAROS M67 TOSKA M978 VAXOS N128 OKESA DCT RIKSO N128 PEREN L863 EVIVI Y94 VANET VANET5H | P22: 140 | Q22: 4 | R22: 600 | S22: 2026-03-06T11:41:34Z | T22: 2026-03-06T14:42:11Z | U22: 3.0102778 | V22: 3.2519444 | W22: 2424 | X22: 80 | Y22: 2344 | Z22: 798 | AA22: 357 | AB22: 224 | AC22: 100 | AD22: 117 | AE22: 3222 | AF22: 5000 | AG22: 7660 | AH22: 0 | AI22: 192 | AJ22: 271 | AK22: 2026-03-06T11:30:00Z | AL22: 2026-03-06T14:41:51.9508772Z | AM22: 825.19 | AN22: 669.47 | AO22: 102.22 | AP22: 17047 | AQ22: 16967 | AR22: 23000 | AS22: 13825 | AT22: 14623 | AU22: -18 | AV22: 329.11 | AW22: 19.3 | AX22: 0.61 | AY22: FALSE
A23: =CONCATENATE(I23,E23,LEFT(G23,10)) -> HFA112LBSF2026-03-06 | B23: a5cb85f9fcdd4a24896c5eff76c3402f | C23: Success | D23: Filed | E23: LBSF | F23: LLBG | G23: 2026-03-06T17:00:00Z | H23: 4XIHD | I23: HFA112 | J23: LCLK | K23: IFR | L23: S | M23: 1. THIS FLIGHT WAS PREPARED BY NIMROD R. | N23: DISPATCH +972502126365, PASSENGERS FLIGHT | O23: OMENO3S OMENO Y505 NIKTI N127 IMR G80 AKBUK DCT PIROX N129 RDS L609 ZUKKO AMMOS1A | P23: 190 | Q23: 2 | R23: 6500 | S23: 2026-03-06T17:14:25Z | T23: 2026-03-06T20:37:28Z | U23: 3.3841667 | W23: 2114 | X23: 80 | Y23: 2034 | Z23: 1186 | AA23: 732 | AB23: 281 | AC23: 71 | AD23: 102 | AE23: 3300 | AF23: 5000 | AG23: 6680 | AH23: 0 | AI23: 188 | AJ23: 296 | AK23: 2026-03-06T17:00:00Z | AL23: 2026-03-06T20:08:24.1076044Z | AM23: 891.8 | AN23: 841.87 | AO23: 215.32 | AP23: 23025 | AQ23: 22945 | AR23: 23000 | AS23: 19725 | AT23: 20911 | AU23: 27 | AV23: 326.16 | AW23: 29.62 | AX23: 1.07 | AY23: FALSE
A24: =CONCATENATE(I24,E24,LEFT(G24,10)) -> HFA113LLBG2026-03-07 | B24: a5fd3359664d4ff7b7ac6e3390d34d5a | C24: Success | D24: Filed | E24: LLBG | F24: LCLK | G24: 2026-03-07T09:25:00Z | H24: 4XIHE | I24: HFA113 | J24: LCPH | K24: IFR | L24: S | M24: EXTRA FUEL CAN BE VOIDED ,IF NEEDED, WITH LIOR YAVOR APPROVAL. DSP-EREZ Y | N24: RTECOORATC LCCC | O24: SUVAS STEPA APLON A28 BETID | P24: 160 | Q24: 2 | R24: 700 | S24: 2026-03-07T10:58:47Z | T24: 2026-03-07T12:03:32Z | U24: 1.0791667 | V24: 1.3719444 | W24: 958 | X24: 80 | Y24: 878 | Z24: 701 | AA24: 325 | AB24: 232 | AC24: 100 | AD24: 44 | AE24: 1659 | AF24: 5000 | AG24: 3028 | AH24: 0 | AI24: 74 | AJ24: 139 | AK24: 2026-03-07T09:25:00Z | AL24: 2026-03-07T10:39:00.6286336Z | AM24: 299.85 | AN24: 183.03 | AO24: 73.5 | AP24: 15684 | AQ24: 15604 | AR24: 23000 | AS24: 14025 | AT24: 14726 | AU24: -16 | AV24: 294.64 | AW24: 39.21 | AX24: 0.35 | AY24: FALSE
A25: =CONCATENATE(I25,E25,LEFT(G25,10)) -> HFA114LCLK2026-03-07 | B25: 9f0293dd22b549368883be8fa8e529f6 | C25: Success | D25: Filed | E25: LCLK | F25: LLBG | G25: 2026-03-07T07:45:00Z | H25: 4XIHE | I25: HFA114 | J25: LCLK | K25: IFR | L25: S | M25: EXTRA FUEL IS DUE FUEL ONBOARD FOR RTRN FLT +POSS HOLDING. DISP-EREZ Y. | N25: RTECOORATC LCCC | O25: EMEDA2B EMEDA M67 ANANE IDAKU PIKOG L609 ZUKKO | P25: 150 | Q25: 2 | R25: 6800 | S25: 2026-03-07T09:03:52Z | T25: 2026-03-07T10:00:38Z | U25: 0.94611111 | V25: 1.225 | W25: 848 | X25: 80 | Y25: 768 | Z25: 1652 | AA25: 771 | AB25: 290 | AC25: 543 | AD25: 48 | AE25: 2500 | AF25: 5000 | AG25: 2679 | AH25: 0 | AI25: 62 | AJ25: 199 | AK25: 2026-03-07T07:45:00Z | AL25: 2026-03-07T08:46:39.8647171Z | AM25: 264.72 | AN25: 183.03 | AO25: 215.31 | AP25: 22625 | AQ25: 22545 | AR25: 23000 | AS25: 20125 | AT25: 21777 | AU25: 13 | AV25: 294.08 | AW25: 37.05 | AX25: -0.16 | AY25: FALSE
A26: =CONCATENATE(I26,E26,LEFT(G26,10)) -> HFA115LLBG2026-03-07 | B26: cf0ca11a2fc649a3bd330bf780d7a110 | C26: Success | D26: Filed | E26: LLBG | F26: LCLK | G26: 2026-03-07T13:55:00Z | H26: 4XIHC | I26: HFA115 | J26: LCPH | K26: IFR | L26: S | M26: EXTRA FUEL CAN BE VOIDED ,IF NEEDED, WITH LIOR YAVOR APPROVAL(requested for 1700kg). DSP-EREZ Y | N26: RTECOORATC LCCC | O26: SUVAS STEPA APLON A28 BETID | P26: 160 | Q26: 2 | R26: 700 | S26: 2026-03-07T14:07:40Z | T26: 2026-03-07T15:21:16Z | U26: 1.2266667 | V26: 1.5783333 | W26: 1034 | X26: 80 | Y26: 954 | Z26: 666 | AA26: 325 | AB26: 233 | AC26: 61 | AD26: 48 | AE26: 1700 | AF26: 5000 | AG26: 3266 | AH26: 0 | AI26: 79 | AJ26: 141 | AK26: 2026-03-07T13:55:00Z | AL26: 2026-03-07T15:14:05.5950354Z | AM26: 299.85 | AN26: 183.03 | AO26: 73.5 | AP26: 15900 | AQ26: 15820 | AR26: 23000 | AS26: 14200 | AT26: 14866 | AU26: -33 | AV26: 320.54 | AW26: 39.51 | AX26: 2.04 | AY26: FALSE
A27: =CONCATENATE(I27,E27,LEFT(G27,10)) -> HFA116LCLK2026-03-07 | B27: 42230916b4514ac6940324cb99246f48 | C27: Success | D27: Filed | E27: LCLK | F27: LLBG | G27: 2026-03-07T09:15:00Z | H27: 4XIHC | I27: HFA116 | J27: LCLK | K27: IFR | L27: S | M27: EXTRA FUEL IS LIMITED DUE HIGH ZFW AND T/O WGT(A/C WAS FUELED A DAY AHEAD). DISP-EREZ Y. | N27: RTECOORATC LCCC | O27: EMEDA2B EMEDA M67 ANANE IDAKU PIKOG L609 ZUKKO | P27: 150 | Q27: 2 | R27: 7200 | S27: 2026-03-07T10:59:20Z | T27: 2026-03-07T11:52:20Z | U27: 0.88333333 | V27: 1.0236111 | W27: 862 | X27: 80 | Y27: 782 | Z27: 1238 | AA27: 775 | AB27: 292 | AC27: 123 | AD27: 49 | AE27: 2100 | AF27: 5000 | AG27: 2722 | AH27: 0 | AI27: 61 | AJ27: 164 | AK27: 2026-03-07T09:15:00Z | AL27: 2026-03-07T10:16:13.281061Z | AM27: 264.72 | AN27: 183.03 | AO27: 215.32 | AP27: 22800 | AQ27: 22720 | AR27: 23000 | AS27: 20700 | AT27: 21938 | AU27: 15 | AV27: 294.47 | AW27: 38.36 | AX27: -0.64 | AY27: FALSE
A28: =CONCATENATE(I28,E28,LEFT(G28,10)) -> HFA117LLBG2026-03-07 | B28: e3d3225ce485401e83a058ac9ada3eee | C28: Success | D28: Filed | E28: LLBG | F28: LCLK | G28: 2026-03-07T09:55:00Z | H28: 4XIHB | I28: HFA117 | J28: LCPH | K28: IFR | L28: S | M28: EXTRA FUEL CAN BE VOIDED ,IF NEEDED, WITH LIOR YAVOR APPROVAL. DSP-EREZ Y | N28: RTECOORATC LCCC | O28: SUVAS STEPA APLON A28 BETID | P28: 160 | Q28: 2 | R28: 700 | S28: 2026-03-07T11:58:55Z | T28: 2026-03-07T13:01:36Z | U28: 1.0447222 | V28: 1.2502778 | W28: 1061 | X28: 80 | Y28: 981 | Z28: 722 | AA28: 341 | AB28: 232 | AC28: 100 | AD28: 49 | AE28: 1783 | AF28: 5000 | AG28: 3353 | AH28: 0 | AI28: 74 | AJ28: 139 | AK28: 2026-03-07T09:55:00Z | AL28: 2026-03-07T11:09:27.7077624Z | AM28: 299.85 | AN28: 183.03 | AO28: 73.5 | AP28: 15794 | AQ28: 15714 | AR28: 23000 | AS28: 14011 | AT28: 14733 | AU28: -17 | AV28: 294.6 | AW28: 39.18 | AX28: 0.27 | AY28: FALSE
A29: =CONCATENATE(I29,E29,LEFT(G29,10)) -> HFA118LCLK2026-03-07 | B29: 88a14f68e52743f6bb0c4bb8152c65b9 | C29: Success | D29: Filed | E29: LCLK | F29: LLBG | G29: 2026-03-07T08:15:00Z | H29: 4XIHB | I29: HFA118 | J29: LCLK | K29: IFR | L29: S | M29: EXTRA FUEL IS FOR THE NEXT FLT+POSS HOLD IN AND OUT OF LLBG. DISP-EREZ Y. | N29: RTECOORATC LCCC | O29: EMEDA2B EMEDA M67 ANANE IDAKU PIKOG L609 ZUKKO | P29: 150 | Q29: 2 | R29: 6500 | S29: 2026-03-07T10:12:58Z | T29: 2026-03-07T11:11:32Z | U29: 0.97611111 | V29: 1.1447222 | W29: 928 | X29: 80 | Y29: 848 | Z29: 1772 | AA29: 775 | AB29: 288 | AC29: 661 | AD29: 48 | AE29: 2700 | AF29: 5000 | AG29: 2933 | AH29: 0 | AI29: 61 | AJ29: 206 | AK29: 2026-03-07T08:15:00Z | AL29: 2026-03-07T09:16:26.9566462Z | AM29: 264.72 | AN29: 183.03 | AO29: 215.32 | AP29: 22511 | AQ29: 22431 | AR29: 23000 | AS29: 19811 | AT29: 21583 | AU29: 14 | AV29: 293.96 | AW29: 37.37 | AX29: -0.33 | AY29: FALSE
A30: =CONCATENATE(I30,E30,LEFT(G30,10)) -> HFA119LLBG2026-03-07 | B30: a09b372460bf4e219391b26bebf21948 | C30: Success | D30: Filed | E30: LLBG | F30: LCLK | G30: 2026-03-07T11:25:00Z | H30: 4XIHD | I30: HFA119 | J30: LCPH | K30: IFR | L30: S | M30: EXTRA FUEL CAN BE VOIDED ,IF NEEDED, WITH LIOR YAVOR APPROVAL(requested for 1600kg). DSP-EREZ Y | N30: DISPATCH 972502126365 RTECOORATC LCCC | O30: SUVAS STEPA APLON A28 BETID | P30: 160 | Q30: 2 | R30: 700 | S30: 2026-03-07T12:41:58Z | T30: 2026-03-07T14:01:48Z | U30: 1.3305556 | V30: 1.605 | W30: 971 | X30: 80 | Y30: 891 | Z30: 629 | AA30: 323 | AB30: 230 | AC30: 31 | AD30: 45 | AE30: 1600 | AF30: 5000 | AG30: 3070 | AH30: 0 | AI30: 76 | AJ30: 135 | AK30: 2026-03-07T11:25:00Z | AL30: 2026-03-07T12:41:04.4656009Z | AM30: 299.85 | AN30: 183.03 | AO30: 73.5 | AP30: 15525 | AQ30: 15445 | AR30: 23000 | AS30: 13925 | AT30: 14554 | AU30: -24 | AV30: 300.24 | AW30: 40.43 | AX30: 0.51 | AY30: FALSE
A31: =CONCATENATE(I31,E31,LEFT(G31,10)) -> HFA120ALCLK2026-03-07 | B31: 88d4bee3893e4990ac27ad40436002a1 | C31: Success | D31: Filed | E31: LCLK | F31: LGAV | G31: 2026-03-07T05:00:00Z | H31: 4XIHD | I31: HFA120A | J31: LGIR | K31: IFR | L31: S | M31: EXTRA FUEL IS DUE FUEL ON BOARD. DISP-EREZ Y. | N31: DISPATCH +972502126365 | O31: N0283F160 PHA1W PHA M31 GENOS DCT ALKIS L609 RDS L995 VARIX VARIX1Q | P31: 160 | Q31: 2 | R31: 700 | S31: 2026-03-07T05:45:51Z | T31: 2026-03-07T08:00:15Z | U31: 2.24 | V31: 2.7436111 | W31: 1679 | X31: 80 | Y31: 1599 | Z31: 1121 | AA31: 547 | AB31: 233 | AC31: 262 | AD31: 80 | AE31: 2800 | AF31: 5000 | AG31: 5306 | AH31: 0 | AI31: 137 | AJ31: 243 | AK31: 2026-03-07T05:00:00Z | AL31: 2026-03-07T07:17:24.0699699Z | AM31: 555.76 | AN31: 503.3 | AO31: 176.85 | AP31: 16725 | AQ31: 16645 | AR31: 23000 | AS31: 13925 | AT31: 15046 | AU31: -27 | AV31: 326.43 | AW31: 29.6 | AX31: 0.93 | AY31: FALSE
A32: =CONCATENATE(I32,E32,LEFT(G32,10)) -> HFA120LGAV2026-03-07 | B32: dc0b7e8bf0d14be989c1a4041767cc1b | C32: Success | D32: Filed | E32: LGAV | F32: LLBG | G32: 2026-03-07T08:15:00Z | H32: 4XIHD | I32: HFA120 | J32: LCLK | K32: IFR | L32: S | M32: 1.PAY ATTN TO T/O NEAR MAX T/O WGT(EXTRA FUEL OF 100 CAN BE VOIDED ,IF NEEDED PER LIOR YAVOR). DISP-EREZ Y. | N32: DISPATCH +972502126365 | O32: N0267F190 KEA1E KEA L52 VAXOS N134 VANZA/N0268F190 DCT PIKOG L609 ZUKKO AMMOS1A | P32: 190 | Q32: 2 | R32: 6600 | S32: 2026-03-07T09:00:43Z | T32: 2026-03-07T11:25:34Z | U32: 2.4141667 | V32: 2.575 | W32: 1717 | X32: 80 | Y32: 1637 | Z32: 1210 | AA32: 746 | AB32: 282 | AC32: 100 | AD32: 82 | AE32: 2927 | AF32: 5000 | AG32: 5427 | AH32: 0 | AI32: 148 | AJ32: 252 | AK32: 2026-03-07T08:15:00Z | AL32: 2026-03-07T10:42:40.1145216Z | AM32: 682.75 | AN32: 645.11 | AO32: 215.31 | AP32: 22752 | AQ32: 22672 | AR32: 23000 | AS32: 19825 | AT32: 21035 | AU32: 22 | AV32: 329.95 | AW32: 30.98 | AX32: 1.57 | AY32: FALSE
A33: =CONCATENATE(I33,E33,LEFT(G33,10)) -> HFA121LLBG2026-03-07 | B33: 1d7906eee2a64d3d9a2a66986e30c88f | C33: Success | D33: Filed | E33: LLBG | F33: LCLK | G33: 2026-03-07T11:55:00Z | H33: 4XIHA | I33: HFA121 | J33: LCPH | K33: IFR | L33: S | M33: EXTRA FUEL IS PER POLICY. DISP-EREZ Y. | N33: DISPATCH 972502126365 RTECOORATC LCCC | O33: SUVAS STEPA APLON A28 BETID | P33: 160 | Q33: 2 | R33: 700 | S33: 2026-03-07T12:54:27Z | T33: 2026-03-07T14:23:23Z | U33: 1.4822222 | V33: 1.7511111 | W33: 1001 | X33: 80 | Y33: 921 | Z33: 703 | AA33: 326 | AB33: 231 | AC33: 100 | AD33: 46 | AE33: 1705 | AF33: 5000 | AG33: 3165 | AH33: 0 | AI33: 77 | AJ33: 142 | AK33: 2026-03-07T11:55:00Z | AL33: 2026-03-07T13:12:08.2386425Z | AM33: 299.85 | AN33: 183.03 | AO33: 73.5 | AP33: 15610 | AQ33: 15530 | AR33: 23000 | AS33: 13905 | AT33: 14608 | AU33: -27 | AV33: 303.55 | AW33: 40.86 | AX33: 0.79 | AY33: FALSE
A34: =CONCATENATE(I34,E34,LEFT(G34,10)) -> HFA122LBSF2026-03-07 | B34: 82fa7b35ad964b5e864086fd2e6f9156 | C34: Success | D34: Filed | E34: LBSF | F34: LLBG | G34: 2026-03-07T08:00:00Z | H34: 4XIHA | I34: HFA122 | J34: LCLK | K34: IFR | L34: S | M34: EXTRA FUEL POLICY WAS TEMPORARLILY VOIDED DUE TO T/O WGT,AS PER LIOR YAVOR APPROVAL. DISP-EREZ Y. | N34: DISPATCH +972502126365, PASSENGERS FLIGHT | O34: OMENO3S OMENO Y505 NIKTI N127 IMR G80 AKBUK PIROX N129 RDS L609 EVUNU/N0264F210 L609 ZUKKO AMMOS1A | P34: 190 | Q34: 2 | R34: 6500 | S34: 2026-03-07T08:24:52Z | T34: 2026-03-07T11:37:57Z | U34: 3.2180556 | V34: 3.4363889 | W34: 2160 | X34: 80 | Y34: 2080 | Z34: 1143 | AA34: 758 | AB34: 280 | AC34: 0 | AD34: 104 | AE34: 3303 | AF34: 5000 | AG34: 6826 | AH34: 0 | AI34: 190 | AJ34: 287 | AK34: 2026-03-07T08:00:00Z | AL34: 2026-03-07T11:09:36.7765963Z | AM34: 891.8 | AN34: 841.87 | AO34: 215.32 | AP34: 23008 | AQ34: 22928 | AR34: 23000 | AS34: 19705 | AT34: 20848 | AU34: 26 | AV34: 341.62 | AW34: 31.83 | AX34: 1.13 | AY34: FALSE
A35: =CONCATENATE(I35,E35,LEFT(G35,10)) -> HFA123LLBG2026-03-07 | B35: 0e55e2bfb0e047e284e841029e35246a | C35: Success | D35: Filed | E35: LLBG | F35: LCLK | G35: 2026-03-07T19:25:00Z | H35: 4XIHE | I35: HFA123 | J35: LCPH | K35: IFR | L35: S | M35: 1. THIS FLIGHT WAS PREPARED BY NIMROD R. | N35: RTECOORATC LCCC | O35: SUVAS STEPA APLON A28 BETID | P35: 160 | Q35: 2 | R35: 700 | S35: 2026-03-07T19:45:05Z | T35: 2026-03-07T21:03:06Z | U35: 1.3002778 | V35: 1.5394444 | W35: 958 | X35: 80 | Y35: 878 | Z35: 589 | AA35: 314 | AB35: 231 | AC35: 0 | AD35: 44 | AE35: 1546 | AF35: 5000 | AG35: 3026 | AH35: 0 | AI35: 75 | AJ35: 130 | AK35: 2026-03-07T19:25:00Z | AL35: 2026-03-07T20:39:46.2658373Z | AM35: 299.85 | AN35: 183.03 | AO35: 73.5 | AP35: 15572 | AQ35: 15492 | AR35: 23000 | AS35: 14025 | AT35: 14614 | AU35: -19 | AV35: 322.82 | AW35: 30.79 | AX35: 2.5 | AY35: FALSE
... A41: =CONCATENATE(I41,E41,LEFT(G41,10)) -> HFA130LCLK2026-03-08 | B41: ee22e0ff21ca4a96933f3b1e30ef35e1 | C41: Success | D41: Filed | E41: LCLK | F41: LLBG | G41: 2026-03-08T05:00:00Z | H41: 4XIHD | I41: HFA130 | J41: LCLK | K41: IFR | L41: S | M41: OFP REV 01 DUE TO CHG IN ZFW. EXTAR FUEL FOR THE NEXT LEG+POSS HOLIDING. DIS. BY AYELET W. | N41: DISPATCH 972502126365 RTECOORATC LCCC | O41: EMEDA2B EMEDA M67 ANANE IDAKU PIKOG L609 ZUKKO | P41: 150 | Q41: 2 | R41: 0 | S41: 2026-03-08T05:57:51Z | T41: 2026-03-08T06:51:34Z | U41: 0.89527778 | V41: 1.0441667 | W41: 816 | X41: 80 | Y41: 736 | Z41: 1784 | AA41: 741 | AB41: 279 | AC41: 717 | AD41: 47 | AE41: 2600 | AF41: 5000 | AG41: 2580 | AH41: 0 | AI41: 61 | AJ41: 213 | AK41: 2026-03-08T05:00:00Z | AL41: 2026-03-08T06:00:35.3136124Z | AM41: 264.72 | AN41: 183.03 | AO41: 215.32 | AP41: 21532 | AQ41: 21452 | AR41: 23000 | AS41: 18932 | AT41: 20716 | AU41: 16 | AV41: 327.5 | AW41: 25.22 | AX41: 1.75 | AY41: FALSE
A42: =CONCATENATE(I42,E42,LEFT(G42,10)) -> HFA131ALCLK2026-03-29 | B42: f55c290953374b419c269049102b7350 | C42: Success | D42: None | E42: LCLK | F42: LGAV | G42: 2026-03-29T07:30:00Z | H42: 4XIHB | I42: HFA131A | J42: LGIR | K42: IFR | L42: G | M42: 1. THIS FLIGHT WAS PREPARED BY NIMROD R. | N42: FERRY FLIGHT | O42: PHA1W PHA M31 MAROS L609 ALKIS/F220 L609 EVUNU L609 NILAS/F240 L609 RDS L995 VARIX VARIX1Q | P42: 200 | Q42: 2 | R42: 500 | W42: 1742 | X42: 80 | Y42: 1662 | Z42: 892 | AA42: 578 | AB42: 230 | AC42: 0 | AD42: 83 | AE42: 2634 | AF42: 5000 | AG42: 5505 | AH42: 0 | AI42: 145 | AJ42: 227 | AK42: 2026-03-29T07:30:00Z | AL42: 2026-03-29T09:55:27.3708185Z | AM42: 563.31 | AN42: 503.3 | AO42: 176.85 | AP42: 16445 | AQ42: 16365 | AR42: 23000 | AS42: 13811 | AT42: 14703 | AU42: -36 | AV42: 256.96 | AW42: 43.76 | AX42: -5.38 | AY42: FALSE
A43: =CONCATENATE(I43,E43,LEFT(G43,10)) -> HFA131LCLK2026-03-29 | B43: adad49e6a98e42389e6c16ae164676bf | C43: Success | D43: Filed | E43: LCLK | F43: LFBF | G43: 2026-03-29T07:45:00Z | H43: 4XIHB | I43: HFA131 | J43: LFBO | K43: IFR | L43: G | M43: 1. THIS FLIGHT WAS PREPARED BY NIMROD R. 2. FLIGHT PLAN MAY BE OPERATIONAL ONCE ENOUGH FUELED SAVED TO PROCEED TO LFBF. | N43: FERRY FLIGHT | O43: PHA1W PHA M31 GENOS DCT TOSKA M978 PERIM L53 KRK L869 LATAN/N0282F180 L869 CDC Q182 MINKA/N0279F240 Q182 MALAV DCT EPIKU DCT GINOX DCT OKSER DCT AMFAC/N0277F250 DCT FJR DCT AFRIC AFRIC3S | P43: 220 | Q43: 2 | R43: 500 | S43: 2026-03-29T08:01:22Z | T43: 2026-03-29T15:09:09Z | U43: 7.1297222 | V43: 7.3525 | W43: 4679 | X43: 30 | Y43: 4649 | Z43: 512 | AA43: 222 | AB43: 225 | AC43: 0 | AD43: 65 | AE43: 5191 | AF43: 5000 | AG43: 14787 | AH43: 0 | AI43: 416 | AJ43: 469 | AK43: 2026-03-29T07:45:00Z | AL43: 2026-03-29T14:40:35.7434033Z | AM43: 1734.63 | AN43: 1580.46 | AO43: 45 | AP43: 19002 | AQ43: 18972 | AR43: 23000 | AS43: 13811 | AT43: 14323 | AU43: -23 | AV43: 300.32 | AW43: 23.21 | AX43: -3.59 | AY43: FALSE
A44: =CONCATENATE(I44,E44,LEFT(G44,10)) -> HFA131LFBF2026-03-14 | B44: 2b8b06ba6e1d42bf8070a677083ed04f | C44: Success | D44: Filed | E44: LFBF | F44: LCLK | G44: 2026-03-14T06:00:00Z | H44: 4XIHF | I44: HFA131 | J44: LCPH | K44: IFR | L44: G | M44: **PAY ATTN-THIS IS AN UPDATED ROUTE MAINLY IN THE INITIAL PART** **NEW ETD DUE MAINT ON THE A/C** 1.EXTRA FUEL IS UP TO MAX TANK. 2.ROUTE IS THE MTT AND THE MFT. DISP-EREZ Y. | N44: FERRY FLIGHT | O44: N0278F110 DCT FINOT G393 BRUSC/N0277F190 G393 FJR Y25 MTG G701 LACAZ Q302 ABLAK P856 DIVUL G374 SODRI A3 MIRSA L127 ELB M729 PNZ M603 SOR M736 CRN/N0276F230 M601 ADREN DCT TOMGI DCT RUTOM M601 KFN/N0273F250 UM601 EVENO M601 BONEK BONEK1A | P44: 110 | Q44: 2 | R44: 800 | S44: 2026-03-14T06:03:05Z | T44: 2026-03-14T11:57:56Z | U44: 5.9141667 | V44: 6.1277778 | W44: 3951 | X44: 80 | Y44: 3871 | Z44: 1049 | AA44: 322 | AB44: 235 | AC44: 298 | AD44: 194 | AE44: 5000 | AF44: 5000 | AG44: 12486 | AH44: 0 | AI44: 350 | AJ44: 455 | AK44: 2026-03-14T06:00:00Z | AL44: 2026-03-14T11:49:31.4407238Z | AM44: 1646.34 | AN44: 1580.46 | AO44: 73.5 | AP44: 19138 | AQ44: 19058 | AR44: 23000 | AS44: 14138 | AT44: 15187 | AU44: 12 | AV44: 246.97 | AW44: 18.75 | AX44: -2.2 | AY44: FALSE
A45: =CONCATENATE(I45,E45,LEFT(G45,10)) -> HFA132LCLK2026-03-08 | B45: 1d48e37eb58b460a8e1d6238c99876a4 | C45: Success | D45: Filed | E45: LCLK | F45: LLBG | G45: 2026-03-08T07:45:00Z | H45: 4XIHA | I45: HFA132 | J45: LCLK | K45: IFR | L45: S | M45: OFP REV 02 DUE TO CHG IN ZFW OFP REV 01 DUE TO CHG IN ALT ROUTE. EXTRA FUEL IS FOR THE NEXT LEG+POSS HOLDING DIS. BY AYELET W. | N45: DISPATCH 972502126365 RTECOORATC LCCC | O45: EMEDA2B EMEDA M67 ANANE IDAKU PIKOG L609 ZUKKO | P45: 150 | Q45: 2 | R45: 0 | S45: 2026-03-08T08:07:50Z | T45: 2026-03-08T09:03:58Z | U45: 0.93555556 | V45: 1.2266667 | W45: 833 | X45: 80 | Y45: 753 | Z45: 1767 | AA45: 983 | AB45: 277 | AC45: 460 | AD45: 46 | AE45: 2600 | AF45: 5000 | AG45: 2633 | AH45: 0 | AI45: 61 | AJ45: 209 | AK45: 2026-03-08T07:45:00Z | AL45: 2026-03-08T08:45:57.7624326Z | AM45: 264.72 | AN45: 183.03 | AO45: 299.85 | AP45: 21320 | AQ45: 21240 | AR45: 23000 | AS45: 18720 | AT45: 20487 | AU45: 14 | AV45: 322.53 | AW45: 21.7 | AX45: 2.23 | AY45: FALSE
A46: =CONCATENATE(I46,E46,LEFT(G46,10)) -> HFA132LGAV2026-03-29 | B46: aa4603a138ef48d687a156f4e741c1b8 | C46: Success | D46: None | E46: LGAV | F46: LFBF | G46: 2026-03-29T09:00:00Z | H46: 4XIHB | I46: HFA132 | J46: LFBO | K46: IFR | L46: G | M46: 1. THIS FLIGHT WAS PREPARED BY NIMROD R. | N46: FERRY FLIGHT | O46: KOR2T KOR N604 RUTOM/N0277F190 M601 CRN M736 SOR M603 PNZ M729 MEDAL Q160 PODOX T246 MIRSA A3 RUBIT G7 MTG Y341 SALIN Y25 FJR/N0277F180 DCT AFRIC AFRIC3N | P46: 220 | Q46: 2 | R46: 500 | W46: 3232 | X46: 80 | Y46: 3152 | Z46: 1768 | AA46: 208 | AB46: 236 | AC46: 1167 | AD46: 158 | AE46: 5000 | AF46: 5000 | AG46: 10212 | AH46: 0 | AI46: 266 | AJ46: 420 | AK46: 2026-03-29T09:00:00Z | AL46: 2026-03-29T13:25:44.4153624Z | AM46: 1157.18 | AN46: 1079.69 | AO46: 35.76 | AP46: 18811 | AQ46: 18731 | AR46: 23000 | AS46: 13811 | AT46: 15579 | AU46: -11 | AV46: 336.75 | AW46: 12.02 | AX46: -3.09 | AY46: FALSE
A47: =CONCATENATE(I47,E47,LEFT(G47,10)) -> HFA133LLBG2026-03-08 | B47: 1ec54b7e2675469ab2512c4322abc6d3 | C47: Success | D47: Filed | E47: LLBG | F47: LGAV | G47: 2026-03-08T10:45:00Z | H47: 4XIHA | I47: HFA133 | J47: LGIR | K47: IFR | L47: S | M47: EXTRA FUEL TO POSS WAIT AT LLBG DIS. BY AYELET W. | N47: DISPATCH +972502126365 | O47: N0271A160 SUVAS1E SUVAS L53 TIPAS N137 RIPLI L995 VARIX VARIX3C | P47: 160 | Q47: 2 | R47: 6300 | S47: 2026-03-08T10:56:15Z | T47: 2026-03-08T13:46:12Z | U47: 2.8325 | V47: 3.1794444 | W47: 2104 | X47: 80 | Y47: 2024 | Z47: 1096 | AA47: 595 | AB47: 278 | AC47: 123 | AD47: 101 | AE47: 3200 | AF47: 5000 | AG47: 6648 | AH47: 0 | AI47: 170 | AJ47: 263 | AK47: 2026-03-08T10:45:00Z | AL47: 2026-03-08T13:34:30.5888065Z | AM47: 688.45 | AN47: 645.11 | AO47: 176.85 | AP47: 22705 | AQ47: 22625 | AR47: 23000 | AS47: 19505 | AT47: 20601 | AU47: -19 | AV47: 303.57 | AW47: 19.3 | AX47: 1.12 | AY47: FALSE
A48: =CONCATENATE(I48,E48,LEFT(G48,10)) -> HFA134LGAV2026-03-08 | B48: b584ccc4747443e5805b3c9971633d9d | C48: Success | D48: Filed | E48: LGAV | F48: LLBG | G48: 2026-03-08T18:00:00Z | H48: 4XIHA | I48: HFA134 | J48: LCLK | K48: IFR | L48: S | M48: EXTRA FUEL WAS VOIDED PER LIOR YAVOR APPROVAL. DISP-EREZ Y | N48: DISPATCH 972502126365 RTECOORATC LCCC | O48: KEA1E KEA L52 VAXOS N134 BIRES Z89 PIKOG L609 ZUKKO GODED10 | P48: 190 | Q48: 2 | R48: 6900 | S48: 2026-03-08T18:14:56Z | T48: 2026-03-08T20:42:18Z | U48: 2.4561111 | V48: 2.7641667 | W48: 1730 | X48: 80 | Y48: 1650 | Z48: 1107 | AA48: 741 | AB48: 284 | AC48: 0 | AD48: 82 | AE48: 2837 | AF48: 5000 | AG48: 5467 | AH48: 0 | AI48: 145 | AJ48: 240 | AK48: 2026-03-08T18:00:00Z | AL48: 2026-03-08T20:24:56.6333976Z | AM48: 670.18 | AN48: 645.11 | AO48: 215.32 | AP48: 22942 | AQ48: 22862 | AR48: 23000 | AS48: 20105 | AT48: 21212 | AU48: 21 | AV48: 303.04 | AW48: 24.59 | AX48: -0.39 | AY48: FALSE
A49: =CONCATENATE(I49,E49,LEFT(G49,10)) -> HFA135LLBG2026-03-08 | B49: 9d4dfbca147e441ca8ebef2473c1bc2a | C49: Success | D49: Filed | E49: LLBG | F49: LCLK | G49: 2026-03-08T21:45:00Z | H49: 4XIHA | I49: HFA135 | J49: LCPH | K49: IFR | L49: S | M49: EXTRA FUEL IS PER POLICY+FUEL FOR POSS HOLD PER CAPT. DISP-EREZ Y. | N49: DISPATCH 972502126365 RTECOORATC LCCC | O49: SUVAS STEPA APLON A28 BETID | P49: 160 | Q49: 2 | R49: 6000 | S49: 2026-03-08T21:47:46Z | T49: 2026-03-08T23:05:33Z | U49: 1.2963889 | V49: 1.5880556 | W49: 991 | X49: 80 | Y49: 911 | Z49: 956 | AA49: 336 | AB49: 274 | AC49: 300 | AD49: 46 | AE49: 1947 | AF49: 5000 | AG49: 3131 | AH49: 0 | AI49: 75 | AJ49: 156 | AK49: 2026-03-08T21:45:00Z | AL49: 2026-03-08T22:59:53.1835356Z | AM49: 299.85 | AN49: 183.03 | AO49: 73.5 | AP49: 21152 | AQ49: 21072 | AR49: 23000 | AS49: 19205 | AT49: 20161 | AU49: -11 | AV49: 298.05 | AW49: 23.26 | AX49: 0.28 | AY49: FALSE
A50: =CONCATENATE(I50,E50,LEFT(G50,10)) -> HFA136LGAV2026-03-08 | B50: 2b3d078eb48b47c3a646363fd4a7a87f | C50: Success | D50: Filed | E50: LGAV | F50: LLBG | G50: 2026-03-08T17:00:00Z | H50: 4XIHD | I50: HFA136 | J50: LCLK | K50: IFR | L50: S | M50: EXTRA FUEL CAN BE VOIDED PER LIOR YAVOR APPROVAL. DISP-EREZ Y. | N50: DISPATCH 972502126365 RTECOORATC LCCC | O50: N0269F190 KEA1E KEA L52 VAXOS N134 BIRES Z89 PIKOG/F190 L609 ZUKKO GODED10 | P50: 190 | Q50: 2 | R50: 6700 | S50: 2026-03-08T17:23:09Z | T50: 2026-03-08T19:52:36Z | U50: 2.4908333 | V50: 2.7155556 | W50: 1692 | X50: 80 | Y50: 1612 | Z50: 1091 | AA50: 729 | AB50: 282 | AC50: 0 | AD50: 81 | AE50: 2783 | AF50: 5000 | AG50: 5346 | AH50: 0 | AI50: 145 | AJ50: 239 | AK50: 2026-03-08T17:00:00Z | AL50: 2026-03-08T19:24:45.7952903Z | AM50: 670.18 | AN50: 645.11 | AO50: 215.32 | AP50: 22708 | AQ50: 22628 | AR50: 23000 | AS50: 19925 | AT50: 21016 | AU50: 21 | AV50: 301.16 | AW50: 24.45 | AX50: -0.17 | AY50: FALSE
A51: =CONCATENATE(I51,E51,LEFT(G51,10)) -> HFA137LLBG2026-03-08 | B51: 0d925ce300a7485893ccd63db463253b | C51: Success | D51: Filed | E51: LLBG | F51: LGAV | G51: 2026-03-08T08:00:00Z | H51: 4XIHD | I51: HFA137 | J51: LGIR | K51: IFR | L51: S | M51: EXTRA FUEL TO POSS WAIT AT LLBG DIS. BY AYELET W | N51: DISPATCH +972502126365 | O51: N0271A160 SUVAS1E SUVAS L53 TIPAS N137 RIPLI L995 VARIX VARIX1Q | P51: 160 | Q51: 2 | R51: 6000 | S51: 2026-03-08T08:20:10Z | T51: 2026-03-08T11:12:52Z | U51: 2.8783333 | V51: 3.325 | W51: 2043 | X51: 80 | Y51: 1963 | Z51: 1158 | AA51: 584 | AB51: 276 | AC51: 200 | AD51: 98 | AE51: 3200 | AF51: 5000 | AG51: 6454 | AH51: 0 | AI51: 168 | AJ51: 270 | AK51: 2026-03-08T08:00:00Z | AL51: 2026-03-08T10:48:28.5632892Z | AM51: 688.45 | AN51: 645.11 | AO51: 176.85 | AP51: 22425 | AQ51: 22345 | AR51: 23000 | AS51: 19225 | AT51: 20382 | AU51: -18 | AV51: 306.85 | AW51: 17.46 | AX51: 1.35 | AY51: FALSE
A52: =CONCATENATE(I52,E52,LEFT(G52,10)) -> HFA139LLBG2026-03-08 | B52: a7531526abe9404995b32c1b19f0fe5e | C52: Success | D52: Filed | E52: LLBG | F52: LCLK | G52: 2026-03-08T20:45:00Z | H52: 4XIHD | I52: HFA139 | J52: LCPH | K52: IFR | L52: S | M52: EXTRA FUEL IS PER POLICY. DISP-EREZ Y. | N52: DISPATCH 972502126365 RTECOORATC LCCC | O52: SUVAS STEPA APLON A28 BETID | P52: 160 | Q52: 2 | R52: 5900 | S52: 2026-03-08T20:54:27Z | T52: 2026-03-08T22:16:42Z | U52: 1.3708333 | V52: 1.6825 | W52: 971 | X52: 80 | Y52: 891 | Z52: 747 | AA52: 330 | AB52: 272 | AC52: 100 | AD52: 45 | AE52: 1717 | AF52: 5000 | AG52: 3067 | AH52: 0 | AI52: 75 | AJ52: 139 | AK52: 2026-03-08T20:45:00Z | AL52: 2026-03-08T21:59:39.5335976Z | AM52: 299.85 | AN52: 183.03 | AO52: 73.5 | AP52: 20842 | AQ52: 20762 | AR52: 23000 | AS52: 19125 | AT52: 19872 | AU52: -11 | AV52: 299.14 | AW52: 22.88 | AX52: 0.51 | AY52: FALSE
A53: =CONCATENATE(I53,E53,LEFT(G53,10)) -> HFA144LCLK2026-03-09 | B53: ec06ced5b4744a51bef2e7574eda253d | C53: Success | D53: Filed | E53: LCLK | F53: LLBG | G53: 2026-03-09T11:00:00Z | H53: 4XIHD | I53: HFA144 | J53: LCLK | K53: IFR | L53: S | M53: EXTRA FUEL IS FOR THE NEXT LEG DIS BY NIMROD R. | N53: DISPATCH +972502126365 | O53: N0273F150 EMEDA2B EMEDA M67 ANANE DCT IDAKU DCT PIKOG L609 ZUKKO | P53: 150 | Q53: 2 | R53: 6800 | S53: 2026-03-09T11:23:19Z | T53: 2026-03-09T12:18:18Z | U53: 0.91638889 | V53: 1.09 | W53: 841 | X53: 80 | Y53: 761 | Z53: 1659 | AA53: 973 | AB53: 289 | AC53: 349 | AD53: 48 | AE53: 2500 | AF53: 5000 | AG53: 2657 | AH53: 0 | AI53: 62 | AJ53: 203 | AK53: 2026-03-09T11:00:00Z | AL53: 2026-03-09T12:01:43.6804955Z | AM53: 264.72 | AN53: 183.03 | AO53: 299.87 | AP53: 22525 | AQ53: 22445 | AR53: 23000 | AS53: 20025 | AT53: 21684 | AU53: 13 | AV53: 303.86 | AW53: 18.76 | AX53: -0.6 | AY53: FALSE
A54: =CONCATENATE(I54,E54,LEFT(G54,10)) -> HFA145LLBG2026-03-09 | B54: 849cc3f3265647289270681db2f8a7d6 | C54: Success | D54: Filed | E54: LLBG | F54: LGAV | G54: 2026-03-09T13:30:00Z | H54: 4XIHD | I54: HFA145 | J54: LGIR | K54: IFR | L54: S | M54: 1. THIS FLIGHT WAS PREPARED BY NIMROD R. | N54: DISPATCH +972502126365 | O54: SUVAS1E SUVAS N128 RDS L995 VARIX VARIX1Q | P54: 180 | Q54: 2 | R54: 6500 | S54: 2026-03-09T13:50:34Z | T54: 2026-03-09T16:41:11Z | U54: 2.8436111 | V54: 3.2058333 | W54: 1995 | X54: 80 | Y54: 1915 | Z54: 1105 | AA54: 596 | AB54: 280 | AC54: 133 | AD54: 96 | AE54: 3100 | AF54: 5000 | AG54: 6305 | AH54: 0 | AI54: 169 | AJ54: 265 | AK54: 2026-03-09T13:30:00Z | AL54: 2026-03-09T16:18:46.6668718Z | AM54: 688.95 | AN54: 645.11 | AO54: 176.85 | AP54: 22825 | AQ54: 22745 | AR54: 23000 | AS54: 19725 | AT54: 20830 | AU54: -16 | AV54: 308.74 | AW54: 14.52 | AX54: -1.17 | AY54: FALSE
A55: =CONCATENATE(I55,E55,LEFT(G55,10)) -> HFA146LGAV2026-03-09 | B55: e2285b67718d4869ac348fd080091bb3 | C55: Success | D55: Filed | E55: LGAV | F55: LLBG | G55: 2026-03-09T15:30:00Z | H55: 4XIHE | I55: HFA146 | J55: LCLK | K55: IFR | L55: S | M55: **new ofp due dct rt to alt lclk** TAXI FUEL INCREASED TO 170 KG IN ORDER TO HAVE MORE MANEUVERING REGARDING THE FUEL AND T/O WGT. DISP-EREZ Y. | O55: KEA1E KEA L52 VAXOS N134 BIRES Z89 PIKOG L609 ZUKKO GODED2 | P55: 190 | Q55: 2 | R55: 6600 | S55: 2026-03-09T15:43:18Z | T55: 2026-03-09T18:15:40Z | U55: 2.5394444 | V55: 2.7808333 | W55: 1847 | X55: 170 | Y55: 1677 | Z55: 1107 | AA55: 741 | AB55: 282 | AC55: 0 | AD55: 84 | AE55: 2954 | AF55: 5000 | AG55: 5838 | AH55: 0 | AI55: 148 | AJ55: 245 | AK55: 2026-03-09T15:30:00Z | AL55: 2026-03-09T17:58:03.6015245Z | AM55: 670.18 | AN55: 645.11 | AO55: 212.7 | AP55: 22879 | AQ55: 22709 | AR55: 23000 | AS55: 19925 | AT55: 21032 | AU55: 14 | AV55: 309.15 | AW55: 17.37 | AX55: -1.28 | AY55: FALSE
A56: =CONCATENATE(I56,E56,LEFT(G56,10)) -> HFA147LLBG2026-03-09 | B56: ee0bd3e0afc34ec386eddc47599b12f2 | C56: Success | D56: Filed | E56: LLBG | F56: LCLK | G56: 2026-03-09T20:00:00Z | H56: 4XIHE | I56: HFA147 | J56: LCPH | K56: IFR | L56: S | M56: EXTRA FUEL COSIST OF 100KG PER POLICY+100KG DUE SECURITY SITUATION. DISP-EREZ Y. | N56: RTECOORATC LCCC | O56: SUVAS DCT STEPA DCT APLON A28 BETID | P56: 140 | Q56: 2 | R56: 6900 | S56: 2026-03-09T20:21:19Z | T56: 2026-03-09T21:21:40Z | U56: 1.0058333 | V56: 1.5736111 | W56: 1020 | X56: 80 | Y56: 940 | Z56: 859 | AA56: 329 | AB56: 283 | AC56: 200 | AD56: 47 | AE56: 1878 | AF56: 5000 | AG56: 3223 | AH56: 0 | AI56: 75 | AJ56: 146 | AK56: 2026-03-09T20:00:00Z | AL56: 2026-03-09T21:15:08.6618527Z | AM56: 299.85 | AN56: 183.03 | AO56: 73.5 | AP56: 22103 | AQ56: 22023 | AR56: 23000 | AS56: 20225 | AT56: 21084 | AU56: -13 | AV56: 333.9 | AW56: 15.59 | AX56: 0.53 | AY56: FALSE
A57: =CONCATENATE(I57,E57,LEFT(G57,10)) -> HFA148LCLK2026-03-09 | B57: abbad4d62e934a2da9ede97870c592bd | C57: Success | D57: Filed | E57: LCLK | F57: LLBG | G57: 2026-03-09T07:00:00Z | H57: 4XIHE | I57: HFA148 | J57: LCLK | K57: IFR | L57: S | M57: EXTRA FUEL FOR THE NEXT LEG+POSS HOLDIND DIS. BY AYELET W. | N57: RMKDISPATCH 972502126365 RTECOORATC LCCC | O57: N0274F150 EMEDA2B EMEDA M67 ANANE DCT IDAKU DCT PIKOG L609 ZUKKO | P57: 150 | Q57: 2 | R57: 6700 | S57: 2026-03-09T08:02:48Z | T57: 2026-03-09T09:00:52Z | U57: 0.96777778 | V57: 1.1677778 | W57: 847 | X57: 80 | Y57: 767 | Z57: 1653 | AA57: 977 | AB57: 289 | AC57: 339 | AD57: 48 | AE57: 2500 | AF57: 5000 | AG57: 2677 | AH57: 0 | AI57: 62 | AJ57: 201 | AK57: 2026-03-09T07:00:00Z | AL57: 2026-03-09T08:01:45.0513892Z | AM57: 264.72 | AN57: 183.03 | AO57: 299.87 | AP57: 22525 | AQ57: 22445 | AR57: 23000 | AS57: 20025 | AT57: 21678 | AU57: 13 | AV57: 303.05 | AW57: 21.02 | AX57: -0.25 | AY57: FALSE
A58: =CONCATENATE(I58,E58,LEFT(G58,10)) -> HFA149LLBG2026-03-09 | B58: 353a965d9c7144ca8f8d427f88781246 | C58: Success | D58: Filed | E58: LLBG | F58: LGAV | G58: 2026-03-09T10:40:00Z | H58: 4XIHE | I58: HFA149 | K58: IFR | L58: S | M58: DIS WITH NO ALT REQ. DUE TO TOW LIMIT. DIS. BY AYELET W. | O58: N0271A180 SUVAS1E SUVAS L53 TIPAS N137 RIPLI L995 VARIX VARIX1Q | P58: 180 | Q58: 2 | R58: 7000 | S58: 2026-03-09T11:13:36Z | T58: 2026-03-09T14:04:59Z | U58: 2.8563889 | V58: 3.2580556 | W58: 2041 | X58: 80 | Y58: 1961 | Z58: 559 | AA58: 140 | AB58: 280 | AC58: 41 | AD58: 98 | AE58: 2600 | AF58: 5000 | AG58: 6449 | AH58: 0 | AI58: 171 | AJ58: 230 | AK58: 2026-03-09T10:40:00Z | AL58: 2026-03-09T13:31:11.2104981Z | AM58: 688.45 | AN58: 645.11 | AO58: 0 | AP58: 22925 | AQ58: 22845 | AR58: 23000 | AS58: 20325 | AT58: 20884 | AU58: -19 | AV58: 301.14 | AW58: 17.65 | AX58: -1.01 | AY58: FALSE
A59: =CONCATENATE(I59,E59,LEFT(G59,10)) -> HFA150ALCLK2026-03-09 | B59: bc4fb025b1d743c7855bf630ccf9e01c | C59: Success | D59: Filed | E59: LCLK | F59: LGAV | G59: 2026-03-09T08:15:00Z | H59: 4XIHC | I59: HFA150A | J59: LGIR | K59: IFR | L59: S | M59: EXTRA FUEL IS PER COMPANY POLICY DIS BY AYELET W. | O59: PHA1W PHA M31 GENOS TOSKA M978 PERIM L53 TIPAS N137 RIPLI L995 VARIX VARIX1Q | P59: 160 | Q59: 2 | R59: 500 | S59: 2026-03-09T08:34:14Z | T59: 2026-03-09T10:45:50Z | U59: 2.1933333 | V59: 2.5577778 | W59: 1711 | X59: 80 | Y59: 1631 | Z59: 982 | AA59: 568 | AB59: 233 | AC59: 100 | AD59: 82 | AE59: 2692 | AF59: 5000 | AG59: 5406 | AH59: 0 | AI59: 132 | AJ59: 222 | AK59: 2026-03-09T08:15:00Z | AL59: 2026-03-09T10:26:46.3336721Z | AM59: 574.26 | AN59: 503.3 | AO59: 176.85 | AP59: 16692 | AQ59: 16612 | AR59: 23000 | AS59: 14000 | AT59: 14982 | AU59: -10 | AV59: 324.21 | AW59: 12.78 | AX59: -1.46 | AY59: FALSE
A60: =CONCATENATE(I60,E60,LEFT(G60,10)) -> HFA150BLCLK2026-03-09 | B60: 69b5be7ee5494e27956ad3290e10429e | C60: NotReleased | D60: None | E60: LCLK | F60: LLBG | G60: 2026-03-09T16:00:00Z | H60: 4XIHC | I60: HFA150B | K60: IFR | L60: S | O60: EMEDA2B EMEDA M67 ANANE IDAKU PIKOG L609 ZUKKO | P60: 230 | Q60: 0 | R60: 0 | W60: 733 | X60: 80 | Y60: 653 | Z60: 374 | AA60: 112 | AB60: 225 | AC60: 0 | AD60: 37 | AE60: 1108 | AF60: 5000 | AG60: 2317 | AH60: 0 | AI60: 59 | AJ60: 109 | AK60: 2026-03-09T16:00:00Z | AL60: 2026-03-09T16:58:52.7575816Z | AM60: 264.72 | AN60: 183.03 | AO60: 0 | AP60: 14608 | AQ60: 14528 | AR60: 23000 | AS60: 13500 | AT60: 13874 | AU60: 18 | AV60: 323.61 | AW60: 26.14 | AX60: -2.83 | AY60: FALSE
A61: =CONCATENATE(I61,E61,LEFT(G61,10)) -> HFA151LLBG2026-03-09 | B61: ce94e4fc27ee41d6a2dd608decb81cfa | C61: Success | D61: Filed | E61: LLBG | F61: LCLK | G61: 2026-03-09T15:30:00Z | H61: 4XIHC | I61: HFA151 | J61: LCPH | K61: IFR | L61: S | M61: EXTRA FUEL IS PER POLICY. DISP-EREZ Y. | N61: RTECOORATC LCCC | O61: SUVAS STEPA APLON A28 BETID | P61: 160 | Q61: 2 | R61: 7200 | S61: 2026-03-09T18:51:53Z | T61: 2026-03-09T19:54:51Z | U61: 1.0494444 | V61: 1.4819444 | W61: 1040 | X61: 80 | Y61: 960 | Z61: 773 | AA61: 338 | AB61: 287 | AC61: 100 | AD61: 48 | AE61: 1812 | AF61: 5000 | AG61: 3286 | AH61: 0 | AI61: 78 | AJ61: 141 | AK61: 2026-03-09T15:30:00Z | AL61: 2026-03-09T16:47:58.3633561Z | AM61: 299.85 | AN61: 183.03 | AO61: 73.5 | AP61: 22512 | AQ61: 22432 | AR61: 23000 | AS61: 20700 | AT61: 21473 | AU61: -17 | AV61: 312.29 | AW61: 24.18 | AX61: -0.39 | AY61: FALSE
A62: =CONCATENATE(I62,E62,LEFT(G62,10)) -> HFA152LCLK2026-03-10 | B62: 9799a68a7a9e41e590a1989a3d56c1f0 | C62: Success | D62: Filed | E62: LCLK | F62: LLBG | G62: 2026-03-10T04:45:00Z | H62: 4XIHE | I62: HFA152 | J62: LCLK | K62: IFR | L62: S | M62: EXTRA FUEL IS FOR THE NEXT FLT(AND FOR POSS HOLD). DISP-EREZ Y. | O62: N0275F150 EMEDA2B EMEDA M67 ANANE DCT IDAKU DCT PIKOG L609 ZUKKO | P62: 150 | Q62: 2 | R62: 7000 | W62: 866 | X62: 80 | Y62: 786 | Z62: 1634 | AA62: 735 | AB62: 292 | AC62: 559 | AD62: 49 | AE62: 2500 | AF62: 5000 | AG62: 2736 | AH62: 0 | AI62: 64 | AJ62: 203 | AK62: 2026-03-10T04:45:00Z | AL62: 2026-03-10T05:49:18.18169Z | AM62: 264.72 | AN62: 183.03 | AO62: 215.32 | AP62: 22825 | AQ62: 22745 | AR62: 23000 | AS62: 20325 | AT62: 21959 | AU62: 4 | AV62: 268.24 | AW62: 23.85 | AX62: 2.66 | AY62: FALSE
A63: =CONCATENATE(I63,E63,LEFT(G63,10)) -> HFA153LLBG2026-03-10 | B63: c2ebc0cc22d045d99679e2be1b50f085 | C63: Success | D63: Filed | E63: LLBG | F63: LGAV | G63: 2026-03-10T07:15:00Z | H63: 4XIHE | I63: HFA153 | K63: IFR | L63: S | M63: 1.FLT IS DISP WITH NO ALT PER LIOR YAVOR APPROVAL,STAY CONNECTED WITH THE FUEL FOR POSS NO SHOW. 2.EXTRA FUEL POLICY WAS ALSO VOIDED WITH LIOR YAVOR APPROVAL. DISP-EREZ Y. | O63: N0266F200 SUVAS1E SUVAS L53 TIPAS N137 RIPLI L995 VARIX VARIX1Q | P63: 200 | Q63: 2 | R63: 0 | S63: 2026-03-10T08:29:15Z | T63: 2026-03-10T11:36:02Z | U63: 3.1130556 | V63: 3.9372222 | W63: 1982 | X63: 100 | Y63: 1882 | Z63: 518 | AA63: 141 | AB63: 282 | AC63: 1 | AD63: 94 | AE63: 2500 | AF63: 5000 | AG63: 6263 | AH63: 0 | AI63: 172 | AJ63: 227 | AK63: 2026-03-10T07:15:00Z | AL63: 2026-03-10T10:07:05.5343268Z | AM63: 688.45 | AN63: 645.11 | AO63: 0 | AP63: 23050 | AQ63: 22950 | AR63: 23000 | AS63: 20550 | AT63: 21068 | AU63: -17 | AV63: 293.49 | AW63: 17.49 | AX63: -1.49 | AY63: FALSE
A64: =CONCATENATE(I64,E64,LEFT(G64,10)) -> HFA154LGAV2026-03-10 | B64: a7c3774e0859433883a5848e7c059e32 | C64: Success | D64: Filed | E64: LGAV | F64: LLBG | G64: 2026-03-10T06:30:00Z | H64: 4XIHD | I64: HFA154 | J64: LCLK | K64: IFR | L64: S | M64: **NEW OFP DUE HIGHER ZFW,NOW WITH BLOCK FUEL 3000KG AND TAXI FUEL 170KG** EXTRA FUEL IS FOR THE NEXT FLT AND FOR POSS HOLD. DISP-EREZ Y. | N64: DISPATCH +972502126365 | O64: N0270F190 KEA1E KEA L52 VAXOS N134 BIRES Z89 PIKOG L609 ZUKKO GODED10 | P64: 190 | Q64: 2 | R64: 0 | S64: 2026-03-10T06:38:54Z | T64: 2026-03-10T09:14:50Z | U64: 2.5988889 | V64: 2.7594444 | W64: 1864 | X64: 170 | Y64: 1694 | Z64: 1136 | AA64: 719 | AB64: 285 | AC64: 47 | AD64: 85 | AE64: 3000 | AF64: 5000 | AG64: 5892 | AH64: 0 | AI64: 151 | AJ64: 251 | AK64: 2026-03-10T06:30:00Z | AL64: 2026-03-10T09:00:56.5676226Z | AM64: 670.18 | AN64: 645.11 | AO64: 212.7 | AP64: 23150 | AQ64: 22980 | AR64: 23000 | AS64: 20150 | AT64: 21286 | AU64: 9 | AV64: 302.88 | AW64: 13.2 | AX64: -1.81 | AY64: FALSE
A65: =CONCATENATE(I65,E65,LEFT(G65,10)) -> HFA155LLBG2026-03-10 | B65: 316b19c54b7b41d9b92690af93198851 | C65: Success | D65: Filed | E65: LLBG | F65: LGAV | G65: 2026-03-10T10:15:00Z | H65: 4XIHD | I65: HFA155 | J65: LGIR | K65: IFR | L65: S | M65: 1.EXTRA FUEL-100KG IS PER POLICY+100 FOR POSS TAXI HOLD. 2.ALT LGMK IS CLSD ON TUESDAY. DISP-EREZ Y. | N65: DISPATCH +972502126365 | O65: N0266F160 SUVAS1E SUVAS L53 TIPAS N137 RIPLI L995 VARIX VARIX1Q | P65: 160 | Q65: 2 | R65: 6100 | S65: 2026-03-10T10:18:37Z | T65: 2026-03-10T13:06:53Z | U65: 2.8044444 | V65: 3.0652778 | W65: 1993 | X65: 80 | Y65: 1913 | Z65: 1181 | AA65: 609 | AB65: 277 | AC65: 200 | AD65: 96 | AE65: 3175 | AF65: 5000 | AG65: 6298 | AH65: 0 | AI65: 162 | AJ65: 265 | AK65: 2026-03-10T10:15:00Z | AL65: 2026-03-10T12:57:06.4235494Z | AM65: 688.45 | AN65: 645.11 | AO65: 176.85 | AP65: 22500 | AQ65: 22420 | AR65: 23000 | AS65: 19325 | AT65: 20506 | AU65: -9 | AV65: 298.01 | AW65: 6.74 | AX65: -1.03 | AY65: FALSE
A66: =CONCATENATE(I66,E66,LEFT(G66,10)) -> HFA156LCLK2026-03-21 | B66: b48523f7b0e2497690a57d805a9cc368 | C66: Success | D66: Filed | E66: LCLK | F66: LLBG | G66: 2026-03-21T14:00:00Z | H66: 4XIHC | I66: HFA156 | J66: LCLK | K66: IFR | L66: S | M66: EXTRA FUEL -TO COVER NEXT FLT(CAN BE USED,IF NEEDED FOR POSS HOLD). DISP-EREZ Y. | O66: N0283F150 EMEDA2B EMEDA M67 ANANE DCT IDAKU DCT PIKOG L609 ZUKKO | P66: 150 | Q66: 2 | R66: 3700 | S66: 2026-03-21T14:12:09Z | T66: 2026-03-21T15:07:52Z | U66: 0.92861111 | V66: 1.1525 | W66: 891 | X66: 80 | Y66: 811 | Z66: 1909 | AA66: 886 | AB66: 265 | AC66: 714 | AD66: 44 | AE66: 2800 | AF66: 5000 | AG66: 2815 | AH66: 0 | AI66: 63 | AJ66: 230 | AK66: 2026-03-21T14:00:00Z | AL66: 2026-03-21T15:03:08.9812226Z | AM66: 264.72 | AN66: 183.03 | AO66: 300.19 | AP66: 20000 | AQ66: 19920 | AR66: 23000 | AS66: 17200 | AT66: 19109 | AU66: -2 | AV66: 236.02 | AW66: 19.92 | AX66: -2.08 | AY66: FALSE
A67: =CONCATENATE(I67,E67,LEFT(G67,10)) -> HFA156LGAV2026-03-10 | B67: 7e3d8a885fb846a09088088468d6cc11 | C67: Success | D67: Filed | E67: LGAV | F67: LLBG | G67: 2026-03-10T13:00:00Z | H67: 4XIHE | I67: HFA156 | J67: LCLK | K67: IFR | L67: S | M67: 1.EXTRA FUEL WAS VOIDED WITH LIOR YAVOR APPROVAL,DUE HIGH PAYLOAD. DISP-EREZ Y. | O67: KEA1E KEA L52 VAXOS/N0272F190 N134 VANZA DCT PIKOG L609 ZUKKO GODED10 | P67: 150 | Q67: 2 | R67: 0 | S67: 2026-03-10T13:37:18Z | T67: 2026-03-10T13:28:54Z | U67: -0.14 | V67: 0.14611111 | W67: 1864 | X67: 80 | Y67: 1784 | Z67: 1136 | AA67: 730 | AB67: 284 | AC67: 33 | AD67: 89 | AE67: 3000 | AF67: 5000 | AG67: 5889 | AH67: 0 | AI67: 150 | AJ67: 250 | AK67: 2026-03-10T13:00:00Z | AL67: 2026-03-10T15:30:03.597832Z | AM67: 669.36 | AN67: 645.11 | AO67: 212.7 | AP67: 23079 | AQ67: 22999 | AR67: 23000 | AS67: 20079 | AT67: 21215 | AU67: 9 | AV67: 293.87 | AW67: 12.06 | AX67: -0.77 | AY67: FALSE
A68: =CONCATENATE(I68,E68,LEFT(G68,10)) -> HFA157LLBG2026-03-10 | B68: b5789c2dd85d413d98b6f4adbf628057 | C68: Success | D68: Filed | E68: LLBG | F68: LCLK | G68: 2026-03-10T16:45:00Z | H68: 4XIHE | I68: HFA157 | J68: LCPH | K68: IFR | L68: S | M68: EXTRA FUEL IS PER COMPANY POLICY DIS. BY AYELET W. | N68: RTECOORATC LCCC | O68: N0275A160 SUVAS DCT STEPA DCT APLON A28 BETID | P68: 160 | Q68: 2 | R68: 7000 | S68: 2026-03-10T17:33:35Z | T68: 2026-03-10T18:32:39Z | U68: 0.98444444 | V68: 1.4475 | W68: 994 | X68: 80 | Y68: 914 | Z68: 756 | AA68: 326 | AB68: 283 | AC68: 100 | AD68: 47 | AE68: 1750 | AF68: 5000 | AG68: 3140 | AH68: 0 | AI68: 76 | AJ68: 139 | AK68: 2026-03-10T16:45:00Z | AL68: 2026-03-10T18:01:04.1755092Z | AM68: 299.85 | AN68: 183.03 | AO68: 73.5 | AP68: 22075 | AQ68: 21995 | AR68: 23000 | AS68: 20325 | AT68: 21081 | AU68: -11 | AV68: 298.97 | AW68: 23.9 | AX68: -0.74 | AY68: FALSE
A69: =CONCATENATE(I69,E69,LEFT(G69,10)) -> HFA157LLBG2026-03-21 | B69: 7407592051b649bcaa7a3036a04c594d | C69: Success | D69: Filed | E69: LLBG | F69: LCLK | G69: 2026-03-21T20:45:00Z | H69: 4XIHA | I69: HFA157 | J69: LCPH | K69: IFR | L69: S | M69: EXTRA FUEL OF 300KG IS FOR POSS TAXI HOLD DUE SECURITY REASON AND DUE POSS WX AT LCLK(TSRA,VRBWIN WITH STRONG GUST AND CB'S). DISP-EREZ Y. | N69: DISPATCH 972502126365 RTECOORATC LCCC | O69: SUVAS1F SUVAS STEPA APLON A28 BETID BETID1A | P69: 160 | Q69: 2 | R69: 6200 | S69: 2026-03-21T20:59:31Z | T69: 2026-03-21T21:52:29Z | U69: 0.88277778 | V69: 1.2002778 | W69: 996 | X69: 80 | Y69: 916 | Z69: 969 | AA69: 346 | AB69: 276 | AC69: 300 | AD69: 46 | AE69: 1965 | AF69: 5000 | AG69: 3146 | AH69: 0 | AI69: 73 | AJ69: 154 | AK69: 2026-03-21T20:45:00Z | AL69: 2026-03-21T21:58:24.5298765Z | AM69: 301.67 | AN69: 183.03 | AO69: 73.5 | AP69: 21370 | AQ69: 21290 | AR69: 23000 | AS69: 19405 | AT69: 20374 | AU69: -5 | AV69: 255.55 | AW69: 19.24 | AX69: -2.97 | AY69: FALSE
A70: =CONCATENATE(I70,E70,LEFT(G70,10)) -> HFA158LCLK2026-03-10 | B70: dad2a453c0664a56a8888aaa83241369 | C70: Success | D70: Filed | E70: LCLK | F70: LLBG | G70: 2026-03-10T23:00:00Z | H70: 4XIHC | I70: HFA158 | J70: LCPH | K70: IFR | L70: S | M70: LCLK RWY 04/22 CLS BETWEEN 2305-0325Z PER NOTAM ALT LCPH DUE TO LCLK CLOSURE EXTRA FUEL FOR POSS HOLDING. DIS BY AYELET W. | O70: N0275F150 EMEDA2B EMEDA M67 ANANE DCT IDAKU DCT PIKOG L609 ZUKKO | P70: 150 | Q70: 2 | R70: 7000 | S70: 2026-03-10T23:03:41Z | T70: 2026-03-11T00:16:36Z | U70: 1.2152778 | V70: 1.3866667 | W70: 871 | X70: 80 | Y70: 791 | Z70: 1429 | AA70: 887 | AB70: 292 | AC70: 202 | AD70: 49 | AE70: 2300 | AF70: 5000 | AG70: 2753 | AH70: 0 | AI70: 62 | AJ70: 185 | AK70: 2026-03-10T23:00:00Z | AL70: 2026-03-11T00:02:11.1409431Z | AM70: 264.72 | AN70: 183.03 | AO70: 268.32 | AP70: 22800 | AQ70: 22720 | AR70: 23000 | AS70: 20500 | AT70: 21929 | AU70: 11 | AV70: 286.53 | AW70: 24.37 | AX70: -0.49 | AY70: FALSE
A71: =CONCATENATE(I71,E71,LEFT(G71,10)) -> HFA159LLBG2026-03-11 | B71: 458694406233426e841130f96eaa9fac | C71: Success | D71: Filed | E71: LLBG | F71: LCLK | G71: 2026-03-11T03:10:00Z | H71: 4XIHC | I71: HFA159 | J71: LCPH | K71: IFR | L71: S | M71: 1. THIS FLIGHT WAS PREPARED BY NIMROD R. | N71: RTECOORATC LCCC | O71: N0275A160 SUVAS DCT STEPA DCT APLON A28 BETID | P71: 160 | Q71: 2 | R71: 0 | S71: 2026-03-11T03:34:53Z | T71: 2026-03-11T04:33:35Z | U71: 0.97833333 | V71: 1.4894444 | W71: 1014 | X71: 80 | Y71: 934 | Z71: 1286 | AA71: 337 | AB71: 292 | AC71: 608 | AD71: 49 | AE71: 2300 | AF71: 5000 | AG71: 3204 | AH71: 0 | AI71: 76 | AJ71: 182 | AK71: 2026-03-11T03:10:00Z | AL71: 2026-03-11T04:26:16.9705396Z | AM71: 299.85 | AN71: 183.03 | AO71: 73.5 | AP71: 22991 | AQ71: 22911 | AR71: 23000 | AS71: 20691 | AT71: 21977 | AU71: -9 | AV71: 287.84 | AW71: 27.64 | AX71: 0.9 | AY71: FALSE
A72: =CONCATENATE(I72,E72,LEFT(G72,10)) -> HFA160LCLK2026-03-11 | B72: ed2006e24d23414e9fac8933c299e9a8 | C72: Success | D72: Filed | E72: LCLK | F72: LLBG | G72: 2026-03-11T04:45:00Z | H72: 4XIHE | I72: HFA160 | J72: LCLK | K72: IFR | L72: S | M72: EXTRA FUEL-FOR POSS HOLD(NOT UP TO MAX TOW DUE POSS ZFW INCREASE). DISP-EREZ Y. | N72: RTECOORATC LCCC | O72: EMEDA2B EMEDA M67 ANANE IDAKU PIKOG L609 ZUKKO | P72: 150 | Q72: 2 | R72: 7100 | S72: 2026-03-11T05:33:06Z | T72: 2026-03-11T06:35:14Z | U72: 1.0355556 | V72: 1.3447222 | W72: 853 | X72: 80 | Y72: 773 | Z72: 1347 | AA72: 727 | AB72: 290 | AC72: 281 | AD72: 48 | AE72: 2200 | AF72: 5000 | AG72: 2696 | AH72: 0 | AI72: 62 | AJ72: 178 | AK72: 2026-03-11T04:45:00Z | AL72: 2026-03-11T05:47:18.1960914Z | AM72: 264.72 | AN72: 183.03 | AO72: 215.32 | AP72: 22625 | AQ72: 22545 | AR72: 23000 | AS72: 20425 | AT72: 21772 | AU72: 11 | AV72: 289.75 | AW72: 20.1 | AX72: 0.1 | AY72: FALSE
A73: =CONCATENATE(I73,E73,LEFT(G73,10)) -> HFA161LLBG2026-03-11 | B73: 48a2fcd0622c4bd29fa92338343b533d | C73: Success | D73: Filed | E73: LLBG | F73: LGAV | G73: 2026-03-11T07:15:00Z | H73: 4XIHE | I73: HFA161 | K73: IFR | L73: S | M73: 1.DISPATCHED WITH NO ALT PER POLICY DUE HIGH ZFW. TRY TO STAY WITH FUEL CONNECTED FOR POSS PAX NO SHOW,TO ADD MORE FUEL,FOR NOW 2400KG WAS ASKED. DISP-EREZ Y. | O73: SUVAS1E SUVAS N128 RDS L995 VARIX VARIX1Q | P73: 200 | Q73: 2 | R73: 0 | S73: 2026-03-11T07:55:04Z | T73: 2026-03-11T10:42:43Z | U73: 2.7941667 | V73: 3.0513889 | W73: 1885 | X73: 80 | Y73: 1805 | Z73: 515 | AA73: 142 | AB73: 283 | AC73: 0 | AD73: 90 | AE73: 2400 | AF73: 5000 | AG73: 5956 | AH73: 0 | AI73: 166 | AJ73: 220 | AK73: 2026-03-11T07:15:00Z | AL73: 2026-03-11T10:00:30.2305372Z | AM73: 688.95 | AN73: 645.11 | AO73: 0 | AP73: 23040 | AQ73: 22960 | AR73: 23000 | AS73: 20640 | AT73: 21155 | AU73: -7 | AV73: 239.82 | AW73: 5.78 | AX73: -0.33 | AY73: FALSE
A74: =CONCATENATE(I74,E74,LEFT(G74,10)) -> HFA162LGAV2026-03-11 | B74: 988d589505764515a23ffb858c096cd0 | C74: Success | D74: Filed | E74: LGAV | F74: LLBG | G74: 2026-03-11T12:40:00Z | H74: 4XIHE | I74: HFA162 | J74: LCLK | K74: IFR | L74: S | M74: 1.EXTRA FUEL POLICY WAS VOIDED WITH LIOR YAVOR APPROVAL DUE TO EXPECTED HIGH PAYLOAD. PLEASE TRY TO LEAVE THE FUEL CONNECTED IN ORDER TO ADD LAST MIN FUEL WITH POSS NO SHOW. FOR NOW 2900 KG WAS REQUESTED. DISP-EREZ Y. | O74: KEA1E KEA L52 VAXOS N134 BIRES Z89 PIKOG L609 ZUKKO GODED2 | P74: 190 | Q74: 2 | R74: 6600 | S74: 2026-03-11T13:35:45Z | T74: 2026-03-11T16:20:41Z | U74: 2.7488889 | V74: 2.9755556 | W74: 1805 | X74: 80 | Y74: 1725 | Z74: 1074 | AA74: 706 | AB74: 282 | AC74: 0 | AD74: 86 | AE74: 2879 | AF74: 5000 | AG74: 5703 | AH74: 0 | AI74: 153 | AJ74: 248 | AK74: 2026-03-11T12:40:00Z | AL74: 2026-03-11T15:12:55.6302034Z | AM74: 670.18 | AN74: 645.11 | AO74: 212.7 | AP74: 22804 | AQ74: 22724 | AR74: 23000 | AS74: 19925 | AT74: 20999 | AU74: 5 | AV74: 256.56 | AW74: 10.59 | AX74: -0.42 | AY74: FALSE
A75: =CONCATENATE(I75,E75,LEFT(G75,10)) -> HFA163LLBG2026-03-11 | B75: cda080ff585e4eef87e6edb92b904ab9 | C75: Success | D75: Filed | E75: LLBG | F75: LGAV | G75: 2026-03-11T18:55:00Z | H75: 4XIHE | I75: HFA163 | K75: IFR | L75: S | M75: FLT DIS WITH NO ALT DUE TO PROXIMITY TO MTOW DIS. BY AYELET W. | O75: SUVAS1E SUVAS L53 TIPAS N137 RIPLI L995 VARIX VARIX1Q | P75: 160 | Q75: 2 | R75: 0 | S75: 2026-03-11T19:04:58Z | T75: 2026-03-11T21:47:15Z | U75: 2.7047222 | V75: 3.0816667 | W75: 2025 | X75: 80 | Y75: 1945 | Z75: 675 | AA75: 141 | AB75: 281 | AC75: 156 | AD75: 97 | AE75: 2700 | AF75: 5000 | AG75: 6400 | AH75: 0 | AI75: 163 | AJ75: 232 | AK75: 2026-03-11T18:55:00Z | AL75: 2026-03-11T21:38:14.7907871Z | AM75: 688.45 | AN75: 645.11 | AO75: 0 | AP75: 22984 | AQ75: 22904 | AR75: 23000 | AS75: 20284 | AT75: 20959 | AU75: -10 | AV75: 265.17 | AW75: 6.31 | AX75: -0.27 | AY75: FALSE
A76: =CONCATENATE(I76,E76,LEFT(G76,10)) -> HFA164LGAV2026-03-11 | B76: 8815cf6e429a4d79932f3319efe30978 | C76: Success | D76: Filed | E76: LGAV | F76: LLBG | G76: 2026-03-11T16:35:00Z | H76: 4XIHD | I76: HFA164 | J76: LCLK | K76: IFR | L76: S | M76: ATTN TO PROXIMITY TO MTOW DIS. BY AYELET W. | N76: DISPATCH +972502126365 | O76: KEA1E KEA L52 VAXOS N134 BIRES/N0270F190 Z89 PIKOG L609 ZUKKO GODED2 | P76: 150 | Q76: 2 | R76: 6750 | W76: 1929 | X76: 80 | Y76: 1849 | Z76: 1078 | AA76: 704 | AB76: 282 | AC76: 0 | AD76: 92 | AE76: 3008 | AF76: 5000 | AG76: 6096 | AH76: 0 | AI76: 153 | AJ76: 249 | AK76: 2026-03-11T16:35:00Z | AL76: 2026-03-11T19:08:14.6356883Z | AM76: 670.18 | AN76: 645.11 | AO76: 218.44 | AP76: 22983 | AQ76: 22903 | AR76: 23000 | AS76: 19975 | AT76: 21053 | AU76: 2 | AV76: 254.96 | AW76: 3.87 | AX76: -0.25 | AY76: FALSE
A77: =CONCATENATE(I77,E77,LEFT(G77,10)) -> HFA165LLBG2026-03-11 | B77: 65b549ecafdd42198b489b8b79722175 | C77: Success | D77: Filed | E77: LLBG | F77: LCLK | G77: 2026-03-11T19:45:00Z | H77: 4XIHD | I77: HFA165 | J77: LCPH | K77: IFR | L77: S | M77: EXTRA FUEL FOR POSS WAITING AT LLBG DIS BY AYELET W | N77: DISPATCH +972502126365 | O77: SUVAS STEPA APLON A28 BETID | P77: 160 | Q77: 2 | R77: 7100 | S77: 2026-03-11T20:48:41Z | T77: 2026-03-11T21:48:32Z | U77: 0.9975 | V77: 1.4147222 | W77: 971 | X77: 80 | Y77: 891 | Z77: 858 | AA77: 327 | AB77: 284 | AC77: 200 | AD77: 47 | AE77: 1830 | AF77: 5000 | AG77: 3070 | AH77: 0 | AI77: 75 | AJ77: 148 | AK77: 2026-03-11T19:45:00Z | AL77: 2026-03-11T21:00:14.4333731Z | AM77: 299.85 | AN77: 183.03 | AO77: 73.5 | AP77: 22155 | AQ77: 22075 | AR77: 23000 | AS77: 20325 | AT77: 21183 | AU77: -7 | AV77: 267.05 | AW77: 27.55 | AX77: 0.34 | AY77: FALSE
A78: =CONCATENATE(I78,E78,LEFT(G78,10)) -> HFA166LCLK2026-03-11 | B78: 0f639150b36348dbb8f3a5c1affabd11 | C78: Success | D78: Filed | E78: LCLK | F78: LLBG | G78: 2026-03-11T16:35:00Z | H78: 4XIHC | I78: HFA166 | J78: LCLK | K78: IFR | L78: S | M78: EXTRA FUEL FOR NEXT LEG+POSS HOLDING DIS. BY AYELET W. | O78: EMEDA2B EMEDA M67 ANANE IDAKU PIKOG L609 ZUKKO | P78: 150 | Q78: 3 | R78: 6500 | S78: 2026-03-11T16:49:55Z | T78: 2026-03-11T18:15:27Z | U78: 1.4255556 | V78: 1.7327778 | W78: 881 | X78: 80 | Y78: 801 | Z78: 1719 | AA78: 741 | AB78: 289 | AC78: 640 | AD78: 48 | AE78: 2600 | AF78: 5000 | AG78: 2785 | AH78: 0 | AI78: 64 | AJ78: 206 | AK78: 2026-03-11T16:35:00Z | AL78: 2026-03-11T17:38:37.5345685Z | AM78: 264.72 | AN78: 183.03 | AO78: 218.44 | AP78: 22600 | AQ78: 22520 | AR78: 23000 | AS78: 20000 | AT78: 21719 | AU78: 6 | AV78: 263.11 | AW78: 18.4 | AX78: 0.72 | AY78: FALSE
A79: =CONCATENATE(I79,E79,LEFT(G79,10)) -> HFA167LLBG2026-03-11 | B79: 3a22e8608ab645349b0e8d8e9c918cf6 | C79: Success | D79: Filed | E79: LLBG | F79: LCLK | G79: 2026-03-11T19:20:00Z | H79: 4XIHC | I79: HFA167 | J79: LCPH | K79: IFR | L79: S | M79: EXTRA FUEL FOR POSS WAITING AT LLBG DIS BY AYELET W. | N79: RTECOORATC LCCC | O79: SUVAS STEPA APLON A28 BETID | P79: 160 | Q79: 2 | R79: 6300 | S79: 2026-03-11T19:41:40Z | T79: 2026-03-11T20:48:58Z | U79: 1.1216667 | V79: 1.3808333 | W79: 994 | X79: 80 | Y79: 914 | Z79: 857 | AA79: 332 | AB79: 279 | AC79: 200 | AD79: 46 | AE79: 1851 | AF79: 5000 | AG79: 3141 | AH79: 0 | AI79: 74 | AJ79: 146 | AK79: 2026-03-11T19:20:00Z | AL79: 2026-03-11T20:34:30.30156Z | AM79: 299.85 | AN79: 183.03 | AO79: 73.5 | AP79: 21651 | AQ79: 21571 | AR79: 23000 | AS79: 19800 | AT79: 20657 | AU79: -7 | AV79: 265.12 | AW79: 27.8 | AX79: 0.47 | AY79: FALSE
A80: =CONCATENATE(I80,E80,LEFT(G80,10)) -> HFA168LCLK2026-03-12 | B80: 5991daac36c04ec5834a7a95fe9631ed | C80: Success | D80: Filed | E80: LCLK | F80: LLBG | G80: 2026-03-12T07:15:00Z | H80: 4XIHC | I80: HFA168 | J80: LCLK | K80: IFR | L80: S | M80: EXTRA FUEL FOR POSS. HOLDING AT LLBG DIS. BY AYELET W. | O80: EMEDA2B EMEDA M67 ANANE IDAKU PIKOG L609 ZUKKO | P80: 150 | Q80: 2 | R80: 6800 | S80: 2026-03-12T08:09:52Z | T80: 2026-03-12T09:09:14Z | U80: 0.98944444 | V80: 1.2308333 | W80: 881 | X80: 80 | Y80: 801 | Z80: 1262 | AA80: 726 | AB80: 288 | AC80: 200 | AD80: 48 | AE80: 2143 | AF80: 5000 | AG80: 2785 | AH80: 0 | AI80: 64 | AJ80: 171 | AK80: 2026-03-12T07:15:00Z | AL80: 2026-03-12T08:18:40.5811152Z | AM80: 264.72 | AN80: 183.03 | AO80: 212.7 | AP80: 22443 | AQ80: 22363 | AR80: 23000 | AS80: 20300 | AT80: 21562 | AU80: 5 | AV80: 264.17 | AW80: 17.19 | AX80: 1.01 | AY80: FALSE
A81: =CONCATENATE(I81,E81,LEFT(G81,10)) -> HFA169LLBG2026-03-12 | B81: 0f221ac3a69b4102800b46cd8885ba7d | C81: Success | D81: Filed | E81: LLBG | F81: LGAV | G81: 2026-03-12T09:45:00Z | H81: 4XIHC | I81: HFA169 | K81: IFR | L81: S | M81: FLY DIS WITH NO ALT. DUE TO PROXIMITY TO MTOW DIS. BY AYELET W. | N81: RTECOORATC LCCC | O81: SUVAS1E SUVAS L53 TIPAS N137 RIPLI L995 VARIX VARIX1Q | P81: 180 | Q81: 2 | R81: 6700 | S81: 2026-03-12T10:27:44Z | T81: 2026-03-12T13:19:21Z | U81: 2.8602778 | V81: 3.1255556 | W81: 2057 | X81: 80 | Y81: 1977 | Z81: 517 | AA81: 139 | AB81: 279 | AC81: 0 | AD81: 99 | AE81: 2574 | AF81: 5000 | AG81: 6500 | AH81: 0 | AI81: 168 | AJ81: 224 | AK81: 2026-03-12T09:45:00Z | AL81: 2026-03-12T12:33:04.9477553Z | AM81: 688.45 | AN81: 645.11 | AO81: 0 | AP81: 22774 | AQ81: 22694 | AR81: 23000 | AS81: 20200 | AT81: 20717 | AU81: -15 | AV81: 278.88 | AW81: 14.06 | AX81: -0.93 | AY81: FALSE
A82: =CONCATENATE(I82,E82,LEFT(G82,10)) -> HFA170LGAV2026-03-12 | B82: 801287106c9d467d8e1000b07b854331 | C82: Success | D82: Filed | E82: LGAV | F82: LLBG | G82: 2026-03-12T08:00:00Z | H82: 4XIHE | I82: HFA170 | J82: LCLK | K82: IFR | L82: S | M82: ATTN TO PROXIMITY TO MTOW DIS BY AYELET W. | O82: KEA1E KEA L52 VAXOS N134 BIRES Z89 PIKOG L609 ZUKKO GODED2 | P82: 190 | Q82: 2 | R82: 6700 | S82: 2026-03-12T08:20:12Z | T82: 2026-03-12T10:57:48Z | U82: 2.6266667 | V82: 2.7630556 | W82: 1785 | X82: 80 | Y82: 1705 | Z82: 1095 | AA82: 727 | AB82: 283 | AC82: 0 | AD82: 85 | AE82: 2880 | AF82: 5000 | AG82: 5641 | AH82: 0 | AI82: 150 | AJ82: 244 | AK82: 2026-03-12T08:00:00Z | AL82: 2026-03-12T10:30:14.3657615Z | AM82: 670.18 | AN82: 645.11 | AO82: 218.44 | AP82: 22905 | AQ82: 22825 | AR82: 23000 | AS82: 20025 | AT82: 21120 | AU82: 10 | AV82: 274.65 | AW82: 13.07 | AX82: -1.4 | AY82: FALSE
A83: =CONCATENATE(I83,E83,LEFT(G83,10)) -> HFA171LLBG2026-03-12 | B83: 8ad367afd6bd49dca1c156a90ebc2a43 | C83: Success | D83: Filed | E83: LLBG | F83: LCLK | G83: 2026-03-12T11:45:00Z | H83: 4XIHE | I83: HFA171 | J83: LCPH | K83: IFR | L83: S | M83: EXTRA FUEL TO POSS WAIT AT LLBG DIS. BY AYELET W | O83: N0275A160 SUVAS DCT STEPA DCT APLON A28 BETID | P83: 160 | Q83: 2 | R83: 7000 | S83: 2026-03-12T12:02:19Z | T83: 2026-03-12T13:01:32Z | U83: 0.98694444 | V83: 1.1980556 | W83: 980 | X83: 80 | Y83: 900 | Z83: 866 | AA83: 335 | AB83: 284 | AC83: 200 | AD83: 47 | AE83: 1846 | AF83: 5000 | AG83: 3096 | AH83: 0 | AI83: 75 | AJ83: 148 | AK83: 2026-03-12T11:45:00Z | AL83: 2026-03-12T13:00:25.6167667Z | AM83: 299.85 | AN83: 183.03 | AO83: 73.5 | AP83: 22171 | AQ83: 22091 | AR83: 23000 | AS83: 20325 | AT83: 21191 | AU83: -8 | AV83: 264.22 | AW83: 28.32 | AX83: 1.43 | AY83: FALSE
A84: =CONCATENATE(I84,E84,LEFT(G84,10)) -> HFA172LCLK2026-03-12 | B84: d924264253ab4e50a903d1a2f42c10b0 | C84: Success | D84: Filed | E84: LCLK | F84: LLBG | G84: 2026-03-12T16:20:00Z | H84: 4XIHE | I84: HFA172 | J84: LCLK | K84: IFR | L84: S | M84: EXTRA FUEL TO POSS WAIT AT LLBG DIS. BY AYELET W. | O84: EMEDA2B EMEDA M67 ANANE IDAKU PIKOG L609 ZUKKO | P84: 150 | Q84: 2 | R84: 7100 | S84: 2026-03-12T16:33:03Z | T84: 2026-03-12T17:29:36Z | U84: 0.9425 | V84: 1.1675 | W84: 858 | X84: 80 | Y84: 778 | Z84: 1279 | AA84: 742 | AB84: 289 | AC84: 200 | AD84: 48 | AE84: 2137 | AF84: 5000 | AG84: 2710 | AH84: 0 | AI84: 63 | AJ84: 171 | AK84: 2026-03-12T16:20:00Z | AL84: 2026-03-12T17:22:59.502107Z | AM84: 264.72 | AN84: 183.03 | AO84: 218.44 | AP84: 22562 | AQ84: 22482 | AR84: 23000 | AS84: 20425 | AT84: 21704 | AU84: 8 | AV84: 274.01 | AW84: 23.44 | AX84: 0.68 | AY84: FALSE
A85: =CONCATENATE(I85,E85,LEFT(G85,10)) -> HFA173ALGAV2026-03-12 | B85: 42667b00e84d47cf83be0da1d8b2e871 | C85: Success | D85: Filed | E85: LGAV | F85: LBSF | G85: 2026-03-12T22:30:00Z | H85: 4XIHE | I85: HFA173A | J85: LBPD | K85: IFR | L85: G | M85: 1. THIS FLIGHT WAS PREPARED BY NIMROD R. | N85: FERRY FLIGHT | O85: ROPOX1H ROPOX/N0280F240 M749 SKP L617 TSL M987 MICPO L863 EVIVI Y94 VANET VANET5H | P85: 240 | Q85: 2 | R85: 700 | S85: 2026-03-12T22:56:08Z | T85: 2026-03-13T00:09:24Z | U85: 1.2211111 | V85: 1.4688889 | W85: 945 | X85: 80 | Y85: 865 | Z85: 652 | AA85: 385 | AB85: 224 | AC85: 0 | AD85: 43 | AE85: 1597 | AF85: 5000 | AG85: 2986 | AH85: 0 | AI85: 83 | AJ85: 146 | AK85: 2026-03-12T22:30:00Z | AL85: 2026-03-12T23:52:54.3179977Z | AM85: 361.74 | AN85: 286.35 | AO85: 102.22 | AP85: 15622 | AQ85: 15542 | AR85: 23000 | AS85: 14025 | AT85: 14677 | AU85: 0 | AV85: 138.92 | AW85: 1.12 | AX85: -5.76 | AY85: FALSE
A86: =CONCATENATE(I86,E86,LEFT(G86,10)) -> HFA173LLBG2026-03-12 | B86: c92d629d3acc41b3a43507a92f0cb361 | C86: Success | D86: Filed | E86: LLBG | F86: LGAV | G86: 2026-03-12T18:20:00Z | H86: 4XIHE | I86: HFA173 | K86: IFR | L86: S | M86: 1. THIS FLIGHT WAS PREPARED BY NIMROD R. 2. NO-ALT DISPATCH DUE TO HIGH EZFW. | O86: SUVAS1E SUVAS L53 TIPAS N137 RIPLI L995 VARIX VARIX1Q | P86: 180 | Q86: 2 | R86: 6800 | S86: 2026-03-12T18:47:08Z | T86: 2026-03-12T21:38:17Z | U86: 2.8525 | V86: 3.4116667 | W86: 2045 | X86: 80 | Y86: 1965 | Z86: 555 | AA86: 139 | AB86: 278 | AC86: 39 | AD86: 98 | AE86: 2600 | AF86: 5000 | AG86: 6462 | AH86: 0 | AI86: 172 | AJ86: 231 | AK86: 2026-03-12T18:20:00Z | AL86: 2026-03-12T21:12:02.6190259Z | AM86: 688.45 | AN86: 645.11 | AO86: 0 | AP86: 22725 | AQ86: 22645 | AR86: 23000 | AS86: 20125 | AT86: 20680 | AU86: -21 | AV86: 283.9 | AW86: 18.87 | AX86: -0.49 | AY86: FALSE
A87: =CONCATENATE(I87,E87,LEFT(G87,10)) -> HFA174LGAV2026-03-12 | B87: 7622dfd3b2ad4b66b126b0d36f7ee59d | C87: Success | D87: Filed | E87: LGAV | F87: LLBG | G87: 2026-03-12T16:30:00Z | H87: 4XIHC | I87: HFA174 | J87: LCLK | K87: IFR | L87: S | M87: 1. THIS FLIGHT WAS PREPARED BY NIMROD R. | O87: KEA1E KEA L52 VAXOS N134 BIRES Z89 PIKOG L609 ZUKKO GODED2 | P87: 190 | Q87: 2 | R87: 6300 | S87: 2026-03-12T16:40:10Z | T87: 2026-03-12T19:16:42Z | U87: 2.6088889 | V87: 2.7341667 | W87: 1786 | X87: 80 | Y87: 1706 | Z87: 1414 | AA87: 976 | AB87: 284 | AC87: 69 | AD87: 85 | AE87: 3200 | AF87: 5000 | AG87: 5643 | AH87: 0 | AI87: 147 | AJ87: 266 | AK87: 2026-03-12T16:30:00Z | AL87: 2026-03-12T18:56:47.9863543Z | AM87: 670.18 | AN87: 645.11 | AO87: 299.85 | AP87: 23000 | AQ87: 22920 | AR87: 23000 | AS87: 19800 | AT87: 21214 | AU87: 17 | AV87: 287.68 | AW87: 20.94 | AX87: -1.11 | AY87: FALSE
A88: =CONCATENATE(I88,E88,LEFT(G88,10)) -> HFA175LLBG2026-03-12 | B88: 70a276f9405d48939f2c0683d05d158f | C88: Success | D88: Filed | E88: LLBG | F88: LCLK | G88: 2026-03-12T20:35:00Z | H88: 4XIHC | I88: HFA175 | J88: LLBG | K88: IFR | L88: S | M88: 1. THIS FLIGHT WAS PREPARED BY NIMROD R. 2. ALT LLBG DUE TO RWY CLOSURE AT LCPH BTW 2200-0300 UTC - APPROVED BY LIOR YAVOR. | N88: RTECOORATC LCCC | O88: SUVAS STEPA APLON A28 BETID | P88: 160 | Q88: 2 | R88: 6900 | S88: 2026-03-12T20:43:27Z | T88: 2026-03-12T21:42:23Z | U88: 0.98222222 | V88: 1.275 | W88: 1026 | X88: 80 | Y88: 946 | Z88: 1174 | AA88: 823 | AB88: 288 | AC88: 15 | AD88: 48 | AE88: 2200 | AF88: 5000 | AG88: 3242 | AH88: 0 | AI88: 77 | AJ88: 174 | AK88: 2026-03-12T20:35:00Z | AL88: 2026-03-12T21:52:15.4613244Z | AM88: 299.85 | AN88: 183.03 | AO88: 262.02 | AP88: 22600 | AQ88: 22520 | AR88: 23000 | AS88: 20400 | AT88: 21574 | AU88: -14 | AV88: 277.28 | AW88: 29.86 | AX88: 0.42 | AY88: FALSE
A89: =CONCATENATE(I89,E89,LEFT(G89,10)) -> HFA176LCLK2026-03-13 | B89: 79720825560f4ba894da0c2a5a638331 | C89: Success | D89: Filed | E89: LCLK | F89: LLBG | G89: 2026-03-13T06:15:00Z | H89: 4XIHC | I89: HFA176 | J89: LCLK | K89: IFR | L89: S | M89: EXTRA FUEL WAS VOIDED AS PER LIOR YAVOR APPROVAL DUE EXPECTED HIGH PAYLOAD. DISP-EREZ Y. | N89: RTECOORATC LCCC | O89: EMEDA2B EMEDA M67 ANANE IDAKU PIKOG L609 ZUKKO | P89: 150 | Q89: 3 | R89: 7200 | S89: 2026-03-13T06:35:13Z | T89: 2026-03-13T07:34:11Z | U89: 0.98277778 | V89: 1.2713889 | W89: 868 | X89: 80 | Y89: 788 | Z89: 1086 | AA89: 747 | AB89: 290 | AC89: 0 | AD89: 48 | AE89: 1954 | AF89: 5000 | AG89: 2744 | AH89: 0 | AI89: 63 | AJ89: 156 | AK89: 2026-03-13T06:15:00Z | AL89: 2026-03-13T07:17:45.9888862Z | AM89: 264.72 | AN89: 183.03 | AO89: 215.32 | AP89: 22654 | AQ89: 22574 | AR89: 23000 | AS89: 20700 | AT89: 21786 | AU89: 10 | AV89: 271.09 | AW89: 29.63 | AX89: 1.37 | AY89: FALSE
A90: =CONCATENATE(I90,E90,LEFT(G90,10)) -> HFA177LLBG2026-03-13 | B90: c7786166fa6c4cb49eea147e67f4b48f | C90: Success | D90: Filed | E90: LLBG | F90: LGAV | G90: 2026-03-13T08:45:00Z | H90: 4XIHC | I90: HFA177 | K90: IFR | L90: S | M90: 1.FLT DISPATCHED WITH NO ALT AS PER COMPANY POLICY,DUE HIGH PAYLOAD,TRY AND LEAVE THE FUEL CONNECTED FOR THE POSS OF NO SHOW,AND ADDING FUEL,FOR NOW 2600KG OF FUEL WAS SET,SHOWING 64KG OF EXTRA FUEL. DISP-EREZ Y. | O90: SUVAS1E SUVAS N128 RDS L995 VARIX VARIX1Q | P90: 200 | Q90: 2 | R90: 0 | S90: 2026-03-13T08:59:35Z | T90: 2026-03-13T11:54:07Z | U90: 2.9088889 | V90: 3.2833333 | W90: 2017 | X90: 80 | Y90: 1937 | Z90: 583 | AA90: 141 | AB90: 282 | AC90: 64 | AD90: 97 | AE90: 2600 | AF90: 5000 | AG90: 6373 | AH90: 0 | AI90: 173 | AJ90: 234 | AK90: 2026-03-13T08:45:00Z | AL90: 2026-03-13T11:37:50.4300445Z | AM90: 688.95 | AN90: 645.11 | AO90: 0 | AP90: 23050 | AQ90: 22970 | AR90: 23000 | AS90: 20450 | AT90: 21033 | AU90: -18 | AV90: 252.43 | AW90: 23.65 | AX90: -0.86 | AY90: FALSE
A91: =CONCATENATE(I91,E91,LEFT(G91,10)) -> HFA178LGAV2026-03-13 | B91: 2079c54c31244252ae4dae1114380a1c | C91: Success | D91: Filed | E91: LGAV | F91: LLBG | G91: 2026-03-13T14:00:00Z | H91: 4XIHC | I91: HFA178 | J91: LCLK | K91: IFR | L91: S | M91: **NEW OFP DUE HIGHER TOW BY MORE THEN 800 KG** EXTRA FUEL CONSIST OF 100KG PER POLICY+200KG FOR POSS HOLD DUE SECURITY REASON. DISP-EREZ Y. | O91: KEA1E KEA L52 VAXOS N134 BIRES Z89 PIKOG L609 ZUKKO | P91: 190 | Q91: 2 | R91: 0 | S91: 2026-03-13T14:22:52Z | T91: 2026-03-13T16:57:12Z | U91: 2.5722222 | V91: 2.8066667 | W91: 1788 | X91: 80 | Y91: 1708 | Z91: 1312 | AA91: 699 | AB91: 272 | AC91: 256 | AD91: 85 | AE91: 3100 | AF91: 5000 | AG91: 5650 | AH91: 0 | AI91: 149 | AJ91: 267 | AK91: 2026-03-13T14:00:00Z | AL91: 2026-03-13T16:29:15.2179634Z | AM91: 669.98 | AN91: 645.11 | AO91: 215.32 | AP91: 21742 | AQ91: 21662 | AR91: 23000 | AS91: 18642 | AT91: 19954 | AU91: 9 | AV91: 236.7 | AW91: 25.06 | AX91: -0.02 | AY91: FALSE
A92: =CONCATENATE(I92,E92,LEFT(G92,10)) -> HFA179LLBG2026-03-13 | B92: 64d948aa4f844b018e091d9b07f55c11 | C92: Success | D92: Filed | E92: LLBG | F92: LCLK | G92: 2026-03-13T17:15:00Z | H92: 4XIHE | I92: HFA179 | J92: LCPH | K92: IFR | L92: S | M92: EXTRA FUEL CONSIST OF 100 KG PER POLICY+100 FOR POSS DELAY ON GROUND DUE SECURITY REASON. DISP-EREZ Y. | N92: RTECOORATC LCCC | O92: SUVAS1F SUVAS STEPA APLON A28 BETID BETID1A | P92: 160 | Q92: 3 | R92: 6800 | S92: 2026-03-13T17:25:24Z | T92: 2026-03-13T18:25:34Z | U92: 1.0027778 | V92: 1.3013889 | W92: 979 | X92: 80 | Y92: 899 | Z92: 854 | AA92: 325 | AB92: 282 | AC92: 200 | AD92: 47 | AE92: 1833 | AF92: 5000 | AG92: 3094 | AH92: 0 | AI92: 76 | AJ92: 148 | AK92: 2026-03-13T17:15:00Z | AL92: 2026-03-13T18:30:56.1529141Z | AM92: 301.67 | AN92: 183.03 | AO92: 73.5 | AP92: 21958 | AQ92: 21878 | AR92: 23000 | AS92: 20125 | AT92: 20979 | AU92: -8 | AV92: 250.59 | AW92: 43.76 | AX92: 3.11 | AY92: FALSE
A93: =CONCATENATE(I93,E93,LEFT(G93,10)) -> HFA180LCLK2026-03-13 | B93: ed0f839ab7d9466db7c0337a0034a075 | C93: Success | D93: Filed | E93: LCLK | F93: LLBG | G93: 2026-03-13T18:30:00Z | H93: 4XIHB | I93: HFA180 | J93: LCLK | K93: IFR | L93: S | M93: OFP REV 01 - DUE TO CHG IN ZFW. EXTRA FUEL FOR POSS WAIT AT LLBG DIS.BY AYELET W. | O93: EMEDA2B EMEDA M67 ANANE IDAKU PIKOG L609 ZUKKO | P93: 150 | Q93: 2 | R93: 0 | S93: 2026-03-13T19:09:56Z | T93: 2026-03-13T20:08:01Z | U93: 0.96805556 | V93: 1.18 | W93: 940 | X93: 80 | Y93: 860 | Z93: 1460 | AA93: 939 | AB93: 276 | AC93: 199 | AD93: 46 | AE93: 2400 | AF93: 5000 | AG93: 2971 | AH93: 0 | AI93: 64 | AJ93: 184 | AK93: 2026-03-13T18:30:00Z | AL93: 2026-03-13T19:33:38.8493744Z | AM93: 264.72 | AN93: 183.03 | AO93: 299.85 | AP93: 21254 | AQ93: 21174 | AR93: 23000 | AS93: 18854 | AT93: 20314 | AU93: 2 | AV93: 251.64 | AW93: 36.64 | AX93: 3.24 | AY93: FALSE
A94: =CONCATENATE(I94,E94,LEFT(G94,10)) -> HFA181ALGAV2026-03-13 | B94: 0e187e63c15549ee9286c5f9d8d79cb3 | C94: Success | D94: Filed | E94: LGAV | F94: LCLK | G94: 2026-03-13T21:30:00Z | H94: 4XIHC | I94: HFA181A | J94: LCPH | K94: IFR | L94: G | M94: EXTRA FUEL DUE TO WX DIS. BY AYELET W. | O94: KEA1H KEA L52 VAXOS M978 TOSKA BONEK BONEK1A | P94: 170 | Q94: 2 | R94: 500 | S94: 2026-03-14T22:21:46Z | T94: 2026-03-14T00:30:54Z | U94: -21.847778 | V94: -21.617778 | W94: 1559 | X94: 80 | Y94: 1479 | Z94: 721 | AA94: 315 | AB94: 232 | AC94: 100 | AD94: 74 | AE94: 2280 | AF94: 5000 | AG94: 4928 | AH94: 0 | AI94: 123 | AJ94: 190 | AK94: 2026-03-13T21:30:00Z | AL94: 2026-03-13T23:32:39.2212589Z | AM94: 565.32 | AN94: 503.3 | AO94: 73.5 | AP94: 16280 | AQ94: 16200 | AR94: 23000 | AS94: 14000 | AT94: 14721 | AU94: 6 | AV94: 218.49 | AW94: 13.86 | AX94: -0.57 | AY94: FALSE
A95: =CONCATENATE(I95,E95,LEFT(G95,10)) -> HFA181LLBG2026-03-13 | B95: 92e4ac1a289245eabf29f91903dffc52 | C95: Success | D95: Filed | E95: LLBG | F95: LGAV | G95: 2026-03-13T18:10:00Z | H95: 4XIHC | I95: HFA181 | K95: IFR | L95: S | M95: 1.EXTRA FUEL OF 100 KG WAS VOIDED WITH LIOR YAVOR APPROVAL,DUE HIGH PAYLOAD. 2.DISPATCHED WITH NO ALT AS PER POLICY,ALSO DUE HIGH PAYLOAD,PLS STAY CONNECTED TO THE FUEL FOR POSS PAX NO SHOW AND ADDING MORE FUEL. FOR NOW 2500KG REQUESTED. DISP-EREZ Y. | O95: SUVAS1E SUVAS N128 RDS L995 VARIX VARIX1Q | P95: 200 | Q95: 3 | R95: 6500 | S95: 2026-03-13T18:23:14Z | T95: 2026-03-13T21:15:31Z | U95: 2.8713889 | V95: 3.1188889 | W95: 1951 | X95: 80 | Y95: 1871 | Z95: 509 | AA95: 138 | AB95: 277 | AC95: 0 | AD95: 94 | AE95: 2460 | AF95: 5000 | AG95: 6164 | AH95: 0 | AI95: 168 | AJ95: 223 | AK95: 2026-03-13T18:10:00Z | AL95: 2026-03-13T20:58:10.9664711Z | AM95: 688.95 | AN95: 645.11 | AO95: 0 | AP95: 22460 | AQ95: 22380 | AR95: 23000 | AS95: 20000 | AT95: 20509 | AU95: -12 | AV95: 232.53 | AW95: 26.64 | AX95: -0.17 | AY95: FALSE
A96: =CONCATENATE(I96,E96,LEFT(G96,10)) -> HFA182LBSF2026-03-13 | B96: dcdc99ed01444a5ea6003d66d3d034fe | C96: Success | D96: Filed | E96: LBSF | F96: LLBG | G96: 2026-03-13T12:15:00Z | H96: 4XIHE | I96: HFA182 | J96: LCLK | K96: IFR | L96: S | M96: EXTRA FUEL OF 100KG IS PER POLICY+ 200KG FOR POSS HOLD DUE SECURITY REASON.. DISP-EREZ Y. | N96: PASSENGERS FLIGHT | O96: OMENO3S OMENO Y505 NIKTI N127 RIKSO/F210 OKESA G80 AKBUK PIROX N129 RDS L609 APLON PIKOG L609 ZUKKO | P96: 190 | Q96: 2 | R96: 3800 | S96: 2026-03-13T12:22:57Z | T96: 2026-03-13T15:58:57Z | U96: 3.6 | V96: 3.7938889 | W96: 2178 | X96: 80 | Y96: 2098 | Z96: 1343 | AA96: 679 | AB96: 259 | AC96: 300 | AD96: 105 | AE96: 3521 | AF96: 5000 | AG96: 6882 | AH96: 0 | AI96: 195 | AJ96: 322 | AK96: 2026-03-13T12:15:00Z | AL96: 2026-03-13T15:30:04.7195058Z | AM96: 877.22 | AN96: 841.87 | AO96: 215.32 | AP96: 20646 | AQ96: 20566 | AR96: 23000 | AS96: 17125 | AT96: 18468 | AU96: 5 | AV96: 234.88 | AW96: 17.51 | AX96: -1.8 | AY96: FALSE
A97: =CONCATENATE(I97,E97,LEFT(G97,10)) -> HFA183LLBG2026-03-13 | B97: 137201c6c8c64390b7ad5d69db8fc3c0 | C97: Success | D97: Filed | E97: LLBG | F97: LCLK | G97: 2026-03-13T20:45:00Z | H97: 4XIHB | I97: HFA183 | J97: LCPH | K97: IFR | L97: S | M97: EXTRA FUEL TO POSS WAIT AT LLBG+ENROUTE WX. DIS. BY AYELET W. | N97: RTECOORATC LCCC | O97: SUVAS STEPA APLON A28 BETID BETID1A | P97: 160 | Q97: 2 | R97: 6100 | S97: 2026-03-13T21:06:55Z | T97: 2026-03-13T22:04:31Z | U97: 0.96 | V97: 1.2197222 | W97: 1026 | X97: 80 | Y97: 946 | Z97: 856 | AA97: 333 | AB97: 275 | AC97: 200 | AD97: 47 | AE97: 1882 | AF97: 5000 | AG97: 3242 | AH97: 0 | AI97: 72 | AJ97: 142 | AK97: 2026-03-13T20:45:00Z | AL97: 2026-03-13T21:57:06.4901054Z | AM97: 300.19 | AN97: 183.03 | AO97: 73.5 | AP97: 21293 | AQ97: 21213 | AR97: 23000 | AS97: 19411 | AT97: 20267 | AU97: 2 | AV97: 240.69 | AW97: 40.92 | AX97: 3.44 | AY97: FALSE
A98: =CONCATENATE(I98,E98,LEFT(G98,10)) -> HFA184LCLK2026-03-14 | B98: 52a3f0bc18bf4de6af179760ee0083fc | C98: Success | D98: Filed | E98: LCLK | F98: LLBG | G98: 2026-03-14T06:15:00Z | H98: 4XIHD | I98: HFA184 | J98: LCLK | K98: IFR | L98: S | M98: EXTRA FUEL IS FOR POSS HOLD DUE SECURITY REASON AND DUE POLICY(100KG). DISP-EREZ Y. | N98: DISPATCH +972502126365 | O98: EMEDA2B EMEDA M67 ANANE IDAKU PIKOG L609 ZUKKO | P98: 150 | Q98: 2 | R98: 1800 | S98: 2026-03-14T06:24:59Z | T98: 2026-03-14T07:27:06Z | U98: 1.0352778 | V98: 1.2594444 | W98: 888 | X98: 80 | Y98: 808 | Z98: 1412 | AA98: 604 | AB98: 244 | AC98: 524 | AD98: 41 | AE98: 2300 | AF98: 5000 | AG98: 2806 | AH98: 0 | AI98: 68 | AJ98: 197 | AK98: 2026-03-14T06:15:00Z | AL98: 2026-03-14T07:22:58.8051154Z | AM98: 264.72 | AN98: 183.03 | AO98: 215.32 | AP98: 17325 | AQ98: 17245 | AR98: 23000 | AS98: 15025 | AT98: 16437 | AU98: -22 | AV98: 209.37 | AW98: 45.74 | AX98: 4.21 | AY98: FALSE
A99: =CONCATENATE(I99,E99,LEFT(G99,10)) -> HFA185LLBG2026-03-14 | B99: d0ca15a4288347d99476df465f279822 | C99: Success | D99: Filed | E99: LLBG | F99: LGAV | G99: 2026-03-14T08:45:00Z | H99: 4XIHD | I99: HFA185 | J99: LGMK | K99: IFR | L99: S | M99: EXTRA FUEL IS PER POLICY. DISP-EREZ -Y. | N99: DISPATCH +972502126365 | O99: N0280A200 SUVAS1E SUVAS L53 TIPAS N137 RIPLI L995 VARIX VARIX1Q | P99: 200 | Q99: 2 | R99: 6200 | S99: 2026-03-14T08:56:15Z | T99: 2026-03-14T11:46:10Z | U99: 2.8319444 | V99: 3.275 | W99: 1868 | X99: 80 | Y99: 1788 | Z99: 875 | AA99: 410 | AB99: 275 | AC99: 100 | AD99: 89 | AE99: 2742 | AF99: 5000 | AG99: 5902 | AH99: 0 | AI99: 167 | AJ99: 243 | AK99: 2026-03-14T08:45:00Z | AL99: 2026-03-14T11:32:01.6077328Z | AM99: 688.45 | AN99: 645.11 | AO99: 103.63 | AP99: 22167 | AQ99: 22087 | AR99: 23000 | AS99: 19425 | AT99: 20300 | AU99: -11 | AV99: 235.98 | AW99: 21.31 | AX99: 0.7 | AY99: FALSE
A100: =CONCATENATE(I100,E100,LEFT(G100,10)) -> HFA186LCLK2026-03-14 | B100: 62b0d9d7da90429cbff4c07ff8c7f71e | C100: Success | D100: Filed | E100: LCLK | F100: LLBG | G100: 2026-03-14T08:15:00Z | H100: 4XIHA | I100: HFA186 | J100: LCLK | K100: IFR | L100: S | M100: **NEW OFP DUE DROP OF MORE THEN 800 KG IN THE TOW** EXTRA FUEL IS FOR POSS HOLD DUE SECURITY REASON AND DUE POLICY(100KG). DISP-EREZ Y. | N100: DISPATCH +972502126365 | O100: EMEDA2B EMEDA M67 ANANE IDAKU PIKOG L609 ZUKKO | P100: 150 | Q100: 2 | R100: 0 | S100: 2026-03-14T08:51:30Z | T100: 2026-03-14T09:59:05Z | U100: 1.1263889 | V100: 1.4852778 | W100: 913 | X100: 80 | Y100: 833 | Z100: 1387 | AA100: 623 | AB100: 258 | AC100: 464 | AD100: 43 | AE100: 2300 | AF100: 5000 | AG100: 2885 | AH100: 0 | AI100: 69 | AJ100: 192 | AK100: 2026-03-14T08:15:00Z | AL100: 2026-03-14T09:23:36.45227Z | AM100: 264.72 | AN100: 183.03 | AO100: 215.31 | AP100: 19160 | AQ100: 19080 | AR100: 23000 | AS100: 16860 | AT100: 18247 | AU100: -20 | AV100: 208.7 | AW100: 47.15 | AX100: 3.48 | AY100: FALSE
A101: =CONCATENATE(I101,E101,LEFT(G101,10)) -> HFA187LLBG2026-03-14 | B101: 784f3b3347b84ffab792635a050a55c5 | C101: Success | D101: Filed | E101: LLBG | F101: LGAV | G101: 2026-03-14T10:45:00Z | H101: 4XIHA | I101: HFA187 | J101: LGMK | K101: IFR | L101: S | M101: EXTRA FUEL IS PER POLICY. DISP-EREZ Y. | N101: DISPATCH +972502126365 | O101: SUVAS1E SUVAS L53 TIPAS N137 RIPLI L995 VARIX VARIX1Q | P101: 200 | Q101: 2 | R101: 6450 | S101: 2026-03-14T11:07:50Z | T101: 2026-03-14T13:51:33Z | U101: 2.7286111 | V101: 3.1866667 | W101: 1916 | X101: 80 | Y101: 1836 | Z101: 883 | AA101: 414 | AB101: 277 | AC101: 100 | AD101: 92 | AE101: 2799 | AF101: 5000 | AG101: 6054 | AH101: 0 | AI101: 168 | AJ101: 245 | AK101: 2026-03-14T10:45:00Z | AL101: 2026-03-14T13:33:04.5743416Z | AM101: 688.45 | AN101: 645.11 | AO101: 103.63 | AP101: 22454 | AQ101: 22374 | AR101: 23000 | AS101: 19655 | AT101: 20538 | AU101: -12 | AV101: 240.15 | AW101: 20.09 | AX101: 0.81 | AY101: FALSE
A102: =CONCATENATE(I102,E102,LEFT(G102,10)) -> HFA188LCLK2026-03-14 | B102: 1b697b2e8ffe4848be9fcad1a91c6f73 | C102: Success | D102: Filed | E102: LCLK | F102: LLBG | G102: 2026-03-14T10:30:00Z | H102: 4XIHB | I102: HFA188 | J102: LCLK | K102: IFR | L102: S | M102: EXTRA FUEL IS FOR THE NEXT FLT+FUEL TO HOLD IF NEEDED(IN AND OUT OF LLBG). DISP-EREZ Y. | O102: EMEDA2B EMEDA M67 ANANE IDAKU PIKOG L609 ZUKKO | P102: 150 | Q102: 2 | R102: 600 | S102: 2026-03-14T10:52:06Z | T102: 2026-03-14T11:59:56Z | U102: 1.1305556 | V102: 1.3075 | W102: 960 | X102: 80 | Y102: 880 | Z102: 1640 | AA102: 618 | AB102: 237 | AC102: 741 | AD102: 44 | AE102: 2600 | AF102: 5000 | AG102: 3033 | AH102: 0 | AI102: 65 | AJ102: 207 | AK102: 2026-03-14T10:30:00Z | AL102: 2026-03-14T11:35:25.3806956Z | AM102: 264.72 | AN102: 183.03 | AO102: 215.31 | AP102: 16511 | AQ102: 16431 | AR102: 23000 | AS102: 13911 | AT102: 15551 | AU102: -14 | AV102: 212.5 | AW102: 48.16 | AX102: 3.12 | AY102: FALSE
A103: =CONCATENATE(I103,E103,LEFT(G103,10)) -> HFA189LLBG2026-03-14 | B103: cd845243efd6467f899d2246d7cfbd7d | C103: Success | D103: Filed | E103: LLBG | F103: LCLK | G103: 2026-03-14T12:45:00Z | H103: 4XIHB | I103: HFA189 | J103: LCPH | K103: IFR | L103: S | M103: EXTRA FUEL IS PER POLICY+100KG DUE ORIGIN WX AND FOR POSS HOLD DUE SECURITY REASON. DISP-EREZ Y. | O103: N0281A160 SUVAS1F SUVAS L53 STEPA L78 ODELO L36 EMEDA EMEDA1A | P103: 160 | Q103: 2 | R103: 6200 | S103: 2026-03-14T13:27:38Z | T103: 2026-03-14T14:30:48Z | U103: 1.0527778 | V103: 1.3002778 | W103: 1047 | X103: 80 | Y103: 967 | Z103: 865 | AA103: 340 | AB103: 276 | AC103: 200 | AD103: 48 | AE103: 1912 | AF103: 5000 | AG103: 3309 | AH103: 0 | AI103: 74 | AJ103: 145 | AK103: 2026-03-14T12:45:00Z | AL103: 2026-03-14T13:58:54.2676362Z | AM103: 307.25 | AN103: 183.03 | AO103: 73.5 | AP103: 21423 | AQ103: 21343 | AR103: 23000 | AS103: 19511 | AT103: 20376 | AU103: 3 | AV103: 224.8 | AW103: 56.45 | AX103: 3.93 | AY103: FALSE
A104: =CONCATENATE(I104,E104,LEFT(G104,10)) -> HFA190LCLK2026-03-14 | B104: a0389ecc0b7842a496ff200759090cb3 | C104: Success | D104: Filed | E104: LCLK | F104: LLBG | G104: 2026-03-14T13:15:00Z | H104: 4XIHE | I104: HFA190 | J104: LCLK | K104: IFR | L104: S | M104: **new ofp due change of zfw by more then 800kg** EXTRA FUEL IS FOR THE NEXT FLT,INCLUDING FUEL FOR HOLDING IF NEEDED. DISP-EREZ Y. | O104: EMEDA2B EMEDA M67 ANANE IDAKU PIKOG L609 ZUKKO | P104: 150 | Q104: 4 | R104: 0 | S104: 2026-03-14T14:04:39Z | T104: 2026-03-14T15:24:22Z | U104: 1.3286111 | V104: 1.6094444 | W104: 888 | X104: 80 | Y104: 808 | Z104: 1812 | AA104: 618 | AB104: 260 | AC104: 891 | AD104: 43 | AE104: 2700 | AF104: 5000 | AG104: 2806 | AH104: 0 | AI104: 67 | AJ104: 228 | AK104: 2026-03-14T13:15:00Z | AL104: 2026-03-14T14:22:05.7166718Z | AM104: 264.72 | AN104: 183.03 | AO104: 215.31 | AP104: 19481 | AQ104: 19401 | AR104: 23000 | AS104: 16781 | AT104: 18593 | AU104: -14 | AV104: 217.49 | AW104: 49.41 | AX104: 4.29 | AY104: FALSE
A105: =CONCATENATE(I105,E105,LEFT(G105,10)) -> HFA191LLBG2026-03-14 | B105: a61ee5c22e824465b47ec70be336c4dd | C105: Success | D105: Filed | E105: LLBG | F105: LCLK | G105: 2026-03-14T16:00:00Z | H105: 4XIHE | I105: HFA191 | J105: LCPH | K105: IFR | L105: S | M105: EXTRA FUEL CONSIST OF 100 KG PER POLICY AND 100 KG DUE POSS HOLD(WX AND SECURITY) DISP-EREZ Y. | O105: N0281A160 SUVAS1F SUVAS L53 STEPA L78 ODELO L36 EMEDA EMEDA1A | P105: 160 | Q105: 2 | R105: 6700 | S105: 2026-03-14T16:18:18Z | T105: 2026-03-14T17:11:12Z | U105: 0.88166667 | V105: 1.6083333 | W105: 951 | X105: 80 | Y105: 871 | Z105: 860 | AA105: 332 | AB105: 281 | AC105: 200 | AD105: 47 | AE105: 1810 | AF105: 5000 | AG105: 3004 | AH105: 0 | AI105: 73 | AJ105: 146 | AK105: 2026-03-14T16:00:00Z | AL105: 2026-03-14T17:13:27.2837386Z | AM105: 307.25 | AN105: 183.03 | AO105: 73.5 | AP105: 21835 | AQ105: 21755 | AR105: 23000 | AS105: 20025 | AT105: 20885 | AU105: 6 | AV105: 218.53 | AW105: 50.98 | AX105: 4.02 | AY105: FALSE
...
